%C3%85land,0
%C3%89douard_Manet,1
%C3%89ire,2
%E2%82%AC2_commemorative_coins,3
10th_century,4
11th_century,5
12th_century,6
13th_century,7
14th_century,8
15th_century,9
15th_Marine_Expeditionary_Unit,10
16_Cygni,11
16_Cygni_Bb,12
16th_century,13
1755_Lisbon_earthquake,14
17th_century,15
1896_Summer_Olympics,16
18th_century,17
1928_Okeechobee_Hurricane,18
1973_oil_crisis,19
1980_eruption_of_Mount_St._Helens,20
19th_century,21
1_Ceres,22
1st_century,23
1st_century_BC,24
2-6-0,25
2-8-0,26
2003_Atlantic_hurricane_season,27
2004_Atlantic_hurricane_season,28
2004_Indian_Ocean_earthquake,29
2005_Atlantic_hurricane_season,30
2005_Hertfordshire_Oil_Storage_Terminal_fire,31
2005_Kashmir_earthquake,32
2005_Sumatra_earthquake,33
20th_century,34
21st_century,35
2nd_century,36
3_Juno,37
3rd_century,38
4-2-0,39
4-4-0,40
4-6-0,41
47_Ursae_Majoris,42
47_Ursae_Majoris_b,43
47_Ursae_Majoris_c,44
4_Vesta,45
4th_century,46
55_Cancri,47
55_Cancri_b,48
55_Cancri_c,49
55_Cancri_d,50
55_Cancri_e,51
5th_century,52
6-2-0,53
6th_century,54
7th_century,55
8th_century,56
90377_Sedna,57
9th_century,58
<,59
A_cappella,60
A_Christmas_Carol,61
A_Tale_of_a_Tub,62
Aachen,63
Aardvark,64
Aarhus,65
Abacus,66
Abadan,67
Abbadid,68
Abbasid,69
Abbey,70
Abbey_Theatre,71
Abbot,72
Abel_Tasman,73
Aberdeen,74
Aberration_of_light,75
Aberystwyth,76
Abhidhamma_Pitaka,77
Abidjan,78
Abkhazia,79
Able_Archer_83,80
ABO_blood_group_system,81
Abraham_Lincoln,82
Absinthe,83
Absolute_zero,84
Abstract_art,85
Abu_Dhabi,86
Abuja,87
Acceleration,88
Accountancy,89
Accra,90
Acetic_acid,91
Acetone,92
Achilles,93
Achilles_tendon,94
Acid_rain,95
Acorn_Computers,96
Actinium,97
Action_potential,98
Actor,99
Acts_of_Union_1707,100
Adam_Smith,101
Addis_Ababa,102
Adelaide,103
Adenosine_triphosphate,104
Adolf_Hitler,105
Advertising,106
Aesthetics,107
Afghan_Hound,108
Afghanistan,109
Africa,110
African_American_literature,111
African_Brush-tailed_Porcupine,112
African_Buffalo,113
African_clawed_frog,114
African_Darter,115
African_dwarf_frog,116
African_Great_Lakes,117
African_Grey_Hornbill,118
African_Grey_Parrot,119
African_Penguin,120
African_slave_trade,121
African_Union,122
African_Wild_Dog,123
Afrikaans,124
Agamemnon,125
Age_of_Enlightenment,126
Aggregator,127
Agnosticism,128
Agriculture,129
AIDS,130
Airbus,131
Airbus_A380,132
Aircraft,133
Aircraft_carrier,134
Airship,135
Ajax_%28programming%29,136
AK-47,137
Akbar,138
Akhenaten,139
Akira_Kurosawa,140
Akkadian_Empire,141
Akrotiri_and_Dhekelia,142
Aksumite_currency,143
Al_Jazeera,144
Alan_Turing,145
Albania,146
Albatross,147
Albert_Einstein,148
Alberto_Santos-Dumont,149
Albigensian_Crusade,150
Albinism,151
Albrecht_D%C3%BCrer,152
Alchemy,153
Alcibiades,154
ALCO_FA,155
Alcohol,156
Aleksandr_Pushkin,157
Aleksandr_Vasilevsky,158
Alexander_Graham_Bell,159
Alexander_Hamilton,160
Alexander_the_Great,161
Alfred_Hitchcock,162
Alfred_Nobel,163
Alfred_the_Great,164
Algebra,165
Algeria,166
Algerian_Civil_War,167
Algiers,168
Algol,169
Algorithm,170
Alice%27s_Adventures_in_Wonderland,171
All_Blacks,172
Allah,173
Allegory_in_the_Middle_Ages,174
Alligator,175
Alliterative_verse,176
Allosaurus,177
Almaty,178
Almond,179
Alpaca,180
Alphabet,181
Alternating_current,182
Alternation_of_generations,183
Alternative_rock,184
Aluminium,185
Aluminium_chloride,186
Alzheimer%27s_disease,187
Amaranth_oil,188
Amarillo%2C_Texas,189
Amazon_Basin,190
Amazon_parrot,191
Amazon_Rainforest,192
Amazon_River,193
Amber,194
American_Civil_War,195
American_English,196
American_football,197
American_popular_music,198
American_Revolutionary_War,199
American_Samoa,200
Americium,201
Amish,202
Ammolite,203
Ammonia,204
Ammonite,205
Ammosaurus,206
Amsterdam,207
Amtrak,208
Amur,209
Anaconda,210
Analytical_Marxism,211
Anarchism,212
Anarcho-capitalism,213
Anatomy,214
Ancient_Egypt,215
Ancient_Greece,216
Ancient_history,217
Ancient_Rome,218
Andes,219
Andorra,220
Andr%C3%A9s_Nocioni,221
Andrew_Carnegie,222
Andrew_Dickson_White,223
Andrew_Jackson,224
Andrew_Johnson,225
Andrew_Robinson,226
Andriyivskyy_Descent,227
Andromeda_Galaxy,228
Andy_Warhol,229
Anemia,230
Angel_shark,231
Angelica,232
Angkor,233
Angkor_Wat,234
Anglican_Church_of_Australia,235
Anglican_Communion,236
Anglicanism,237
Anglo-Saxon_literature,238
Angola,239
Anguilla,240
Animal,241
Animal_law,242
Animal_rights,243
Animation,244
Ankylosaurus,245
Ann_Arbor%2C_Michigan,246
Anna_Karenina,247
Anne_Frank,248
Anne_of_Great_Britain,249
Anno_Domini,250
Anschluss,251
Ant,252
Antananarivo,253
Antarctic_krill,254
Antarctic_Treaty_System,255
Antarctica,256
Anteater,257
Antelope,258
Anthony_van_Dyck,259
Anthropology,260
Antigua_and_Barbuda,261
Antimony,262
Antlion,263
Antoine_Lavoisier,264
Anton%C3%ADn_Dvo%C5%99%C3%A1k,265
Antonio_Vivaldi,266
Antwerp,267
Apaochi,268
Apatosaurus,269
Ape,270
Aphid,271
Apollo,272
Apollo_11,273
Apollo_8,274
Apostolic_Succession,275
Apple,276
Applied_mathematics,277
Apricot,278
Aquarium,279
Arab-Israeli_conflict,280
Arab_League,281
Arabic_language,282
Arable_land,283
Aral_Sea,284
Arcadia_%28play%29,285
Archaeoastronomy,286
Archaeology,287
Archaeopteryx,288
Archbishop_of_Canterbury,289
Archimedes,290
Architecture,291
Arctic,292
Arctic_Circle,293
Arctic_Monkeys,294
Arctic_Ocean,295
Arctic_Tern,296
Arecaceae,297
Argan,298
Argentina,299
Argon,300
Argyle_diamond_mine,301
Ariel_Sharon,302
Aristarchus_%28crater%29,303
Aristotle,304
Arithmetic,305
Armadillo,306
Armand_Jean_du_Plessis%2C_Cardinal_Richelieu,307
Armenia,308
Armia_Krajowa,309
Arnold_Schwarzenegger,310
Ars_moriendi,311
Arsenal_F.C.,312
Arsenic,313
Art,314
Arthropod,315
Arthur_Sullivan,316
Arthur_Wellesley%2C_1st_Duke_of_Wellington,317
Arts_and_crafts,318
Aruba,319
Arugula,320
Ascariasis,321
ASCII,322
Asia,323
Asparagus,324
Asperger_syndrome,325
Assyria,326
Astatine,327
Asteroid,328
Asthma,329
Astrology,330
Astronomy,331
Asunci%C3%B3n,332
AT%26T,333
Athanasius_Kircher,334
Atheism,335
Athena,336
Athens,337
Athletics_%28track_and_field%29,338
Atlanta%2C_Georgia,339
Atlantic_Coast_Line_Railroad,340
Atlantic_Ocean,341
Atlantic_slave_trade,342
Atlantis,343
ATLAS_experiment,344
Atom,345
Atonality,346
Attack_on_Pearl_Harbor,347
Attalus_I,348
Attention-deficit_hyperactivity_disorder,349
Attila_the_Hun,350
Auckland,351
Augusta%2C_Lady_Gregory,352
Augustan_literature,353
Auguste_Rodin,354
Augustine_of_Hippo,355
Augustus,356
Australia,357
Australian_English,358
Australian_Green_Tree_Frog,359
Australian_Open,360
Australian_rules_football,361
Austria,362
Autism,363
Auto_racing,364
Autocracy,365
Automated_teller_machine,366
Automobile,367
Autorack,368
Autumn,369
Avacha_Volcano,370
Avalanche,371
Avocado,372
Avon_Gorge,373
Avro_Lancaster,374
Axe,375
Ayaan_Hirsi_Ali,376
Aymer_de_Valence%2C_2nd_Earl_of_Pembroke,377
Azerbaijan,378
Azerbaijani_people,379
Aztec,380
B_vitamins,381
Babe_Ruth,382
Baboon,383
Babur,384
Baby_Gender_Mentor,385
Babylonia,386
Backgammon,387
Bacteria,388
Badger,389
Badminton,390
BAE_Systems,391
Baghdad,392
Bah%C3%A1%27%C3%AD_Faith,393
Bahrain,394
Baker_Island,395
Bald_Eagle,396
Baltic_Sea,397
Baltimore%2C_Maryland,398
Bamako,399
Banana,400
Bandicoot,401
Bangalore,402
Bangkok,403
Bangladesh,404
Banjul,405
Bank_of_China_%28Hong_Kong%29,406
Banknote,407
Banksy,408
Bantu,409
Barack_Obama,410
Barbados,411
Barbara_McClintock,412
Barbary_Lion,413
Barbary_Macaque,414
Barcelona,415
Barium,416
Barley,417
Barn_Owl,418
Barnacle,419
Baroque,420
Barracuda,421
Baruch_Spinoza,422
Baseball,423
Basel,424
BASIC,425
Basil,426
Basilica_of_San_Francesco_d%27Assisi,427
Basilica_of_Santa_Maria_degli_Angeli,428
Basketball,429
Basking_shark,430
Bass_%28fish%29,431
Bassoon,432
Bat,433
Bat-eared_Fox,434
Bath%2C_Somerset,435
Bath_School_disaster,436
Batholith,437
Batman,438
Battle_of_Alesia,439
Battle_of_Amiens,440
Battle_of_Austerlitz,441
Battle_of_Badr,442
Battle_of_Bicocca,443
Battle_of_Britain,444
Battle_of_Cannae,445
Battle_of_France,446
Battle_of_Gettysburg,447
Battle_of_Grunwald,448
Battle_of_Hastings,449
Battle_of_Jutland,450
Battle_of_Lechaeum,451
Battle_of_Leyte_Gulf,452
Battle_of_Marathon,453
Battle_of_Midway,454
Battle_of_Moscow,455
Battle_of_Normandy,456
Battle_of_Rennell_Island,457
Battle_of_Sitka,458
Battle_of_Stalingrad,459
Battle_of_the_Bulge,460
Battle_of_the_Eastern_Solomons,461
Battle_of_the_Little_Bighorn,462
Battle_of_the_Santa_Cruz_Islands,463
Battle_of_the_Somme_%281916%29,464
Battle_of_Tours,465
Battle_of_Vaslui,466
Battle_of_Warsaw_%281920%29,467
Battles_of_the_Mexican-American_War,468
Bay_Area_Rapid_Transit,469
Bay_of_Bengal,470
BBC,471
BBC_television_drama,472
Beach,473
Bean,474
Bear,475
Beatles_for_Sale,476
Beaver,477
Bedbug,478
Bede,479
Bee,480
Beeching_Axe,481
Beekeeping,482
Beep_%28SWBLW%29,483
Beer,484
Beet,485
Beetle,486
Behavioral_finance,487
Behistun_Inscription,488
Beijing,489
Beirut,490
Belarus,491
Belfast,492
Belgium,493
Belize,494
Ben_Jonson,495
Ben_Nevis,496
Benin,497
Benito_Mussolini,498
Benjamin_Britten,499
Benjamin_Disraeli%2C_1st_Earl_of_Beaconsfield,500
Benjamin_Franklin,501
Benjamin_Harrison,502
Benzene,503
Berber_languages,504
Beriberi,505
Berkelium,506
Berlin,507
Berlin_Wall,508
Bermuda,509
Bernard_Hinault,510
Bertrand_Russell,511
Beryllium,512
Bette_Davis,513
Bhutan,514
Bible,515
Bicycle,516
Bicycle_Thieves,517
Big_Bang,518
Bill_Clinton,519
Bill_Gates,520
Billie_Holiday,521
Binary_star,522
Binoculars,523
Binomial_nomenclature,524
Biodiesel,525
Biodiversity,526
Biofuel,527
Bioinformatics,528
Biology,529
Biosphere,530
Biotechnology,531
Bird,532
Bird_migration,533
Bird_of_prey,534
Birmingham,535
Birth_control,536
Bismuth,537
Bison,538
Bissau,539
Bj%C3%B6rn_Borg,540
Bj%C3%B8rn%C3%B8ya,541
Black-backed_Jackal,542
Black-winged_Stilt,543
Black_Death,544
Black_hole,545
Black_panther,546
Black_pepper,547
Black_Rhinoceros,548
Black_Sea,549
Black_Seminoles,550
Black_Wildebeest,551
Blackbird,552
Blackcap,553
Blackjack,554
Blackpool,555
Blacktip_reef_shark,556
Blade_Runner,557
Blaise_Pascal,558
Blitzkrieg,559
Blood_type,560
Blue_Jay,561
Blue_Peter,562
Blue_shark,563
Blue_Whale,564
Blue_Wildebeest,565
Bluegrass_music,566
Bluetooth,567
Boa,568
Board_game,569
Boat,570
Bob_Dylan,571
Bob_Marley,572
Bobcat,573
Body_mass_index,574
Bodyline,575
Boeing_747,576
Bog,577
Bogot%C3%A1,578
Bohemian_Rhapsody,579
Bohrium,580
Bolivia,581
Bologna,582
Boltysh_crater,583
Bongo_%28antelope%29,584
Bonobo,585
Bontebok,586
Booby,587
Book,588
Book_of_Common_Prayer,589
Book_of_Kells,590
Boolean_logic,591
Borage,592
Boris_Becker,593
Boron,594
Bosnia_and_Herzegovina,595
Boston%2C_Massachusetts,596
Boston_RFC,597
Boston_Terrier,598
Botany,599
Botswana,600
Bottlenose_Dolphin,601
Boudica,602
Boundary_Waters_Canoe_Area_Wilderness,603
Bouvet_Island,604
Box_jellyfish,605
Boy_Scout,606
Boyle_Roche,607
BP,608
Brabantian,609
Brabham,610
Brachiosaurus,611
Brahman,612
Brain,613
Bran,614
Brandon_Routh,615
Bras%C3%ADlia,616
Brass_instrument,617
Bratislava,618
Brazil,619
Bread,620
Breaker_Morant,621
Bretton_Woods_system,622
Bridge,623
Brighton,624
Brisbane,625
Bristol,626
British_East_India_Company,627
British_Empire,628
British_English,629
British_House_of_Commons,630
British_Indian_Ocean_Territory,631
British_Isles,632
British_Isles_%28terminology%29,633
British_monarchy,634
British_Virgin_Islands,635
Britney_Spears,636
Broadcasting,637
Bromine,638
Bronze_Age,639
Brothers_Grimm,640
Brown_trout,641
Bruce_Lee,642
Bruce_Springsteen,643
Brunei,644
Brush,645
Brussels,646
Brute_force_attack,647
Bryce_Canyon_National_Park,648
BT_Tower,649
Btrieve,650
Bucharest,651
Buckingham_Palace,652
Buckminster_Fuller,653
Budapest,654
Buddha,655
Buddhism,656
Buddhist_art,657
Buenos_Aires,658
Buffy_the_Vampire_Slayer,659
Bulgaria,660
Bull_shark,661
Burkina_Faso,662
Burundi,663
Bushbuck,664
Bushpig,665
Business,666
Butter,667
Button,668
Byzantine_Empire,669
C%2B%2B,670
C%C3%A6dmon,671
C%C3%B4te_d%27Ivoire,672
C._S._Lewis,673
Cactus,674
Cadmium,675
Caesar_cipher,676
Caesium,677
Caesium_fluoride,678
Cai_Lun,679
Cairo,680
Calcite,681
Calcium,682
Calcium_chloride,683
Calculus,684
Calgary,685
California,686
California_Southern_Railroad,687
Californium,688
Calligraphy,689
Caloris_Basin,690
Calvin_and_Hobbes,691
Calvin_Coolidge,692
Camarasaurus,693
Cambodia,694
Cambrian,695
Cambrian_explosion,696
Cambridge,697
Camel,698
Cameroon,699
Canada,700
Canada_Goose,701
Canadian_Charter_of_Rights_and_Freedoms,702
Canadian_English,703
Canadian_football,704
Canadian_House_of_Commons,705
Canadian_Pacific_Railway,706
Canadian_Senate,707
Canal,708
Canaletto,709
Canberra,710
Cancer,711
Cane_Toad,712
Canola,713
Canterbury,714
Canterbury_Cathedral,715
Canute_the_Great,716
Capacitance,717
Cape_Canaveral,718
Cape_Horn,719
Cape_Lion,720
Cape_Porcupine,721
Cape_Town,722
Cape_Verde,723
Capital,724
Capitalism,725
Capitoline_Triad,726
Captain_Marvel_%28DC_Comics%29,727
Caracas,728
Caratacus,729
Caravaggio,730
Carbon,731
Carbon_dioxide,732
Carboniferous,733
Carcinus_maenas,734
Card_game,735
Cardiff,736
Caribbean_Sea,737
Carl_Friedrich_Gauss,738
Carl_Jung,739
Carl_Lewis,740
Carl_Sagan,741
Carlsbad_Caverns_National_Park,742
Carnivore,743
Caroline_Island,744
Carolus_Linnaeus,745
Carrot,746
Casablanca_%28film%29,747
Casimir_effect,748
Caspian_Sea,749
Cassini-Huygens,750
Cassowary,751
Castra,752
Cat,753
Cat%27s_Eye_Nebula,754
Cat_Stevens,755
Cataract,756
Cataract_surgery,757
Cathedral_of_Magdeburg,758
Catherine_II_of_Russia,759
Catholic_social_teaching,760
Cattle,761
Cave,762
Cayman_Islands,763
Celeriac,764
Celery,765
Celine_Dion,766
Cell_%28biology%29,767
Cello,768
Celtic_F.C.,769
Celtic_mythology,770
Celtic_Park,771
Central_African_Republic,772
Central_processing_unit,773
Ceratopsidae,774
Cereal,775
Cerebellum,776
Ceres_%28dwarf_planet%29,777
Cerium,778
Chad,779
Chadian-Sudanese_conflict,780
Chaffinch,781
Channel_Islands,782
Charlemagne,783
Charles_Babbage,784
Charles_Darwin,785
Charles_Dickens,786
Charles_Etienne_Brasseur_de_Bourbourg,787
Charles_I_of_England,788
Charles_II_of_England,789
Charles_Sumner,790
Charles_V%2C_Holy_Roman_Emperor,791
Charlie_Chaplin,792
Charlotte%27s_Web,793
Chartism,794
Che_Guevara,795
Cheers,796
Cheese,797
Cheetah,798
Chelsea_F.C.,799
Chemical_element,800
Chemical_synapse,801
Chemistry,802
Chennai,803
Chernobyl_disaster,804
Chess,805
Chester_A._Arthur,806
Chestnut,807
Chew_Magna,808
Chew_Stoke,809
Chew_Valley,810
Chew_Valley_Lake,811
Chicago,812
Chicago_and_North_Western_Railway,813
Chicago_Bears,814
Chicken,815
Child,816
Children%27s_Crusade,817
Children%27s_rights_movement,818
Chile,819
Chimpanzee,820
China,821
Chinese_language,822
Chinyingi,823
Chives,824
Chlorine,825
Chocolate,826
Chola_dynasty,827
Cholera,828
Chordate,829
Chris_Evert,830
Christian_Bale,831
Christian_monasticism,832
Christianity,833
Christina_Aguilera,834
Christmas_Island,835
Christopher_Columbus,836
Christopher_Wren,837
Chromatic_aberration,838
Chromatophore,839
Chromium,840
Church_of_England,841
Church_of_Ireland,842
Cider,843
Cinema_of_the_United_States,844
Citizen_Kane,845
Citizenship,846
Citrus,847
City,848
City_status_in_the_United_Kingdom,849
Civil_rights,850
Civil_society,851
Civilization,852
Civilization_%28computer_game%29,853
Clarinet,854
Classic_female_blues,855
Claude_L%C3%A9vi-Strauss,856
Claude_Monet,857
Claudius,858
Clay,859
Cleopatra_VII,860
Cleopatra_VII_of_Egypt,861
Cleveland%2C_Ohio,862
Clifton_Suspension_Bridge,863
Climate,864
Climate_change,865
Clock,866
Clone_Wars_%28Star_Wars%29,867
Clothing,868
Cloud,869
Coal,870
Coal_Tit,871
Cobalt,872
Coccinellidae,873
Cochineal,874
Cockatiel,875
Cocoa,876
Coconut,877
Coconut_crab,878
Coconut_oil,879
Cocos_%28Keeling%29_Islands,880
Cod,881
Code_of_Hammurabi,882
Coffee,883
Coin,884
Cold_War,885
Colditz_Castle,886
Colima_%28volcano%29,887
Collapse_of_the_World_Trade_Center,888
Colley_Cibber,889
Cologne,890
Colombia,891
Colombo,892
Color,893
Color_blindness,894
Colorado_River,895
Colossus_of_Rhodes,896
Columba,897
Columbia_River,898
Columbine_High_School_massacre,899
Columbus%2C_Ohio,900
Comet,901
Comet_Hale-Bopp,902
Comet_Halley,903
Comet_Hyakutake,904
Comet_Shoemaker-Levy_9,905
Comet_White-Ortiz-Bolelli,906
Comics,907
Comma_Johanneum,908
Commodore_64,909
Common_cold,910
Common_Cuckoo,911
Common_Eland,912
Common_Hazel,913
Common_sage,914
Common_Tern,915
Commonwealth_Games,916
Communication,917
Communism,918
Community,919
Comoros,920
Compact_Disc,921
Company_%28law%29,922
Compsognathus,923
Computational_chemistry,924
Computer,925
Computer_and_video_games,926
Computer_programming,927
Computer_science,928
Conakry,929
Concorde,930
Condoleezza_Rice,931
Conflict,932
Confucianism,933
Confucius,934
Congo_River,935
Consolation_of_Philosophy,936
Constantine_I,937
Constantine_II_of_Scotland,938
Constitution_of_May_3%2C_1791,939
Constitutional_monarchy,940
Constructivism_%28art%29,941
Consumer_protection,942
Contact_lens,943
Continent,944
Continental_crust,945
Control_car_%28rail%29,946
Convention_on_the_International_Trade_in_Endangered_Species_of_Wild_Flora_and_Fauna,947
Convention_on_the_Rights_of_the_Child,948
Cook_Islands,949
Cookiecutter_shark,950
Cooperative,951
Coot,952
Copenhagen,953
Copper,954
Copper%28I%29_chloride,955
Coriander,956
Corinthian_War,957
Cormorant,958
Corn_oil,959
Cornea,960
Cornell_University,961
Coronation_Street,962
Corporate_finance,963
Corporation,964
Corrosion,965
Corundum,966
Cosmic_inflation,967
Cosmic_microwave_background_radiation,968
Costa_Rica,969
Costume_design,970
Cotopaxi,971
Cotswolds,972
Cotton,973
Coulomb%27s_law,974
Country,975
Coupling_%28railway%29,976
Coventry,977
CPU_cache,978
Crab_Nebula,979
Crash_test_dummy,980
Craters_of_the_Moon_National_Monument_and_Preserve,981
Craton,982
Creation-evolution_controversy,983
Creationism,984
Creative_Commons,985
Cretaceous,986
Cretaceous-Tertiary_extinction_event,987
Cricket,988
Crime,989
Crime_and_Punishment,990
Crimean_Karaites,991
Crimean_War,992
Cristero_War,993
Croatia,994
Crocodile,995
Crohn%27s_disease,996
Cross_Fell,997
Crow,998
Crown_Jewels_of_the_United_Kingdom,999
Crusades,1000
Crust_%28geology%29,1001
Crustacean,1002
Cryptography,1003
Crystal,1004
CS_gas,1005
Cuba,1006
Cubeb,1007
Cubism,1008
Cuckmere_Haven,1009
Cultivar,1010
Cultural_diversity,1011
Cultural_identity,1012
Culture,1013
Culture_of_the_Democratic_Republic_of_the_Congo,1014
Curium,1015
Currency,1016
Cyanocobalamin,1017
Cyberpunk,1018
Cyclops,1019
Cymbopogon,1020
Cyprus,1021
Cyrus_the_Great,1022
Cystic_fibrosis,1023
Czech_Republic,1024
D%C3%A1l_Riata,1025
D%C3%BCsseldorf,1026
Dad%27s_Army,1027
Dada,1028
Dakar,1029
Dakota%2C_Minnesota_and_Eastern_Railroad,1030
Dallas%2C_Texas,1031
Dam,1032
Damascus,1033
Damascus_steel,1034
Damon_Hill,1035
Dance,1036
Dandelion,1037
Daniel_Day-Lewis,1038
Daniel_Ellsberg,1039
Danske_Statsbaner,1040
Dante_Alighieri,1041
Danube,1042
Darfur_conflict,1043
Dark_Ages,1044
Darling_River,1045
Darmstadtium,1046
Darth_Vader,1047
Dartmoor,1048
Das_Kapital,1049
Data_Encryption_Standard,1050
David_Attenborough,1051
David_Beckham,1052
David_Cameron,1053
David_Copperfield_%28novel%29,1054
David_Heymann,1055
David_Hilbert,1056
David_Hume,1057
David_Livingstone,1058
Davis_Cup,1059
Davy_Jones%27_Locker,1060
Day,1061
Dayuan,1062
Dead_Sea,1063
Dead_Sea_scrolls,1064
Death_Valley_National_Park,1065
Decade_Volcanoes,1066
Deconstructivism,1067
Definition_of_planet,1068
Deinonychus,1069
Deity,1070
Delhi,1071
Deluge_%28mythology%29,1072
Demand_Note,1073
Democracy,1074
Democratic_Action_Party,1075
Democratic_Republic_of_the_Congo,1076
Demosthenes,1077
Denis_Law,1078
Denmark,1079
Dennis_Ritchie,1080
Denver%2C_Colorado,1081
Derby,1082
Desert,1083
Desert_locust,1084
Desmond_Tutu,1085
Despotism,1086
Detroit%2C_Michigan,1087
Devonian,1088
Diabetes_mellitus,1089
Diamond,1090
Diamond_cut,1091
Diamond_simulant,1092
Diane_Keaton,1093
Dice,1094
Dido_and_Aeneas,1095
Diego_Garcia,1096
Diego_Maradona,1097
Diego_Vel%C3%A1zquez,1098
Differential_equation,1099
Differential_geometry_and_topology,1100
Diffuse_interstellar_band,1101
Dik-dik,1102
Dill,1103
Dilophosaurus,1104
Dimetrodon,1105
Dingo,1106
Dinosaur,1107
Diplodocus,1108
Distilled_beverage,1109
Dixie_Mission,1110
Djibouti,1111
Dmitri_Mendeleev,1112
DNA,1113
DNA_repair,1114
Doctor_Who,1115
Dodo,1116
Dog,1117
Doha,1118
Dolphin,1119
Domesday_Book,1120
Domestic_goat,1121
Domesticated_turkey,1122
Dominica,1123
Dominican_Republic,1124
Donald_Bradman,1125
Donald_Duck,1126
Donald_Knuth,1127
Doom,1128
Dorset,1129
Double-decker_bus,1130
Double_bass,1131
Douglas_Adams,1132
Dove,1133
Dover,1134
Down_syndrome,1135
Dr._Seuss,1136
Drama,1137
Drawing,1138
Dresden,1139
Drinking_water,1140
Driving_on_the_left_or_right,1141
Drosera_anglica,1142
Drosophila_melanogaster,1143
Drought,1144
Drum_and_bass,1145
Du_Fu,1146
Dualism_%28philosophy_of_mind%29,1147
Dubai,1148
Dublin,1149
Dubnium,1150
Dundee,1151
Dundee_United_F.C.,1152
Dune,1153
Dunnock,1154
Duran_Duran,1155
Durham,1156
Durham_Cathedral,1157
Durian,1158
Dutch_language,1159
DVD,1160
Dwight_D._Eisenhower,1161
Dysprosium,1162
E._E._Cummings,1163
Eagle,1164
Eagle_Scout_%28Boy_Scouts_of_America%29,1165
Earl_of_Shaftesbury,1166
Earless_seal,1167
Earth,1168
Earth%27s_atmosphere,1169
Earthquake,1170
Earwax,1171
East-West_Schism,1172
East_Africa,1173
East_Flemish,1174
East_Timor,1175
EastEnders,1176
Easter_Island,1177
Eastern_Orthodox_Church,1178
Ebony,1179
ECHELON,1180
Ecology,1181
Economic_inequality,1182
Economics,1183
Economy_of_Africa,1184
Economy_of_India,1185
Economy_of_Pakistan,1186
Economy_of_the_Iroquois,1187
Economy_of_the_Republic_of_Ireland,1188
Ecuador,1189
Edema,1190
Edgar_Allan_Poe,1191
Edible_salt,1192
Edinburgh,1193
Edmond_Halley,1194
Edmund_Burke,1195
Edmund_Hillary,1196
Education,1197
Education_in_the_United_States,1198
Educational_psychology,1199
Edward_Gibbon,1200
Edward_I_of_England,1201
Edward_II_of_England,1202
Edward_III_of_England,1203
Edward_IV_of_England,1204
Edward_Jenner,1205
Edward_Teller,1206
Edward_the_Confessor,1207
Edward_V_of_England,1208
Edward_VI_of_England,1209
Edward_VII_of_the_United_Kingdom,1210
Edward_VIII_of_the_United_Kingdom,1211
Edwin_of_Northumbria,1212
Effect_of_Hurricane_Katrina_on_New_Orleans,1213
Effects_of_global_warming,1214
Effects_of_nuclear_explosions,1215
Egg_%28food%29,1216
Egypt,1217
Egyptian_pyramids,1218
Eilmer_of_Malmesbury,1219
Einsteinium,1220
El_Aai%C3%BAn,1221
El_Lissitzky,1222
El_Ni%C3%B1o-Southern_Oscillation,1223
El_Salvador,1224
Elagabalus,1225
Eldfell,1226
Election,1227
Electric_charge,1228
Electric_field,1229
Electrical_engineering,1230
Electrical_resistance,1231
Electricity,1232
Electromagnetic_radiation,1233
Electron,1234
Electron_beam_welding,1235
Electronic_amplifier,1236
Electronics,1237
Elementary_algebra,1238
Elementary_arithmetic,1239
Elementary_group_theory,1240
Eleocharis_dulcis,1241
Elephant,1242
Elephant_bird,1243
Elephant_shrew,1244
Elias_Ashmole,1245
Elizabeth_Fry,1246
Elizabeth_I_of_England,1247
Elizabeth_II_of_the_United_Kingdom,1248
Elvis_Presley,1249
Emacs,1250
Emanuel_Swedenborg,1251
EMD_BL2,1252
EMD_F7,1253
EMD_GP30,1254
Emirate,1255
Emotion,1256
Emperor_Penguin,1257
Empiricism,1258
Employment,1259
Emu,1260
Enceladus_%28moon%29,1261
Encyclop%C3%A6dia_Britannica,1262
Endoscopic_foreign_body_retrieval,1263
Energy,1264
Engineering,1265
England,1266
England_expects_that_every_man_will_do_his_duty,1267
English_Channel,1268
English_language,1269
English_peasants%27_revolt_of_1381,1270
English_poetry,1271
English_Reformation,1272
Enigma_machine,1273
Entropy,1274
Environmental_science,1275
Enzyme_kinetics,1276
Eocene,1277
Epaminondas,1278
Epazote,1279
Epic_of_Gilgamesh,1280
Episcopal_polity,1281
Equal_Protection_Clause,1282
Equatorial_Guinea,1283
Erbium,1284
Eric_Clapton,1285
Erie_Canal,1286
Eris_%28dwarf_planet%29,1287
Eritrea,1288
Ernest_Hemingway,1289
Ernest_Rutherford,1290
Eruption_column,1291
Erwin_Rommel,1292
Eskimo,1293
Esperanto,1294
Essential_oil,1295
Estonia,1296
Ethanol,1297
Ethics,1298
Ethiopia,1299
Ethiopian_Wolf,1300
Ethnic_group,1301
Euclid,1302
Euclidean_geometry,1303
Eukaryote,1304
Euphrates,1305
Eurasian_Collared_Dove,1306
Eurasian_Eagle_Owl,1307
Eurasian_Jay,1308
Euro,1309
Europe,1310
European_Goldfinch,1311
European_Parliament,1312
European_Space_Agency,1313
European_Union,1314
Europium,1315
Eurovision_Song_Contest,1316
Eva_Per%C3%B3n,1317
Evolution,1318
Evolutionarily_stable_strategy,1319
Existentialism,1320
Exploration_of_Mars,1321
Explorer_I,1322
Expressionism,1323
Extinct_birds,1324
Extinction,1325
Extrasolar_planet,1326
Extraterrestrial_life,1327
Eye,1328
Eye_%28cyclone%29,1329
Eyelid,1330
Ezra_Pound,1331
F-35_Lightning_II,1332
F-4_Phantom_II,1333
Fair_Isle,1334
FairTax,1335
Falcon,1336
Falkland_Islands,1337
Family,1338
Famine,1339
Faroe_Islands,1340
Fascism,1341
Fashion,1342
Fatty_acid,1343
Fauna_of_Australia,1344
Feather,1345
Fed_Cup,1346
Federal_Bureau_of_Investigation,1347
Federated_States_of_Micronesia,1348
Fedora_Core,1349
Feldspar,1350
Felice_Beato,1351
Felix_Mendelssohn,1352
Felix_the_Cat,1353
Fencing,1354
Fennel,1355
Ferdinand_Magellan,1356
Ferdinandea,1357
Fermi_paradox,1358
Fermium,1359
Fern,1360
Fertile_Crescent,1361
Fertilizer,1362
Ffestiniog_Railway,1363
Fiberglass,1364
Fiction,1365
Fidel_Castro,1366
Fieldfare,1367
FIFA,1368
FIFA_World_Cup,1369
Fiji,1370
Film,1371
Final_Fantasy_%28video_game%29,1372
Finance,1373
Fine_art,1374
Finland,1375
Fire,1376
Firearm,1377
Firefly_%28TV_series%29,1378
First_Council_of_Nicaea,1379
First_Crusade,1380
First_Macedonian_War,1381
First_Transcontinental_Railroad,1382
Fish,1383
Fishing,1384
Flag_of_Australia,1385
Flag_of_Belarus,1386
Flag_of_Hong_Kong,1387
Flag_of_India,1388
Flag_of_Mexico,1389
Flag_of_South_Africa,1390
Flag_of_the_Republic_of_China,1391
Flamingo,1392
Flanders,1393
Flat_Earth,1394
Flemish_%28linguistics%29,1395
Flemish_dialects,1396
Flemish_people,1397
Flood,1398
Floppy_disk,1399
Florence_Nightingale,1400
Florida,1401
Florida_East_Coast_Railway,1402
Flower,1403
Fluorine,1404
Flute,1405
Foie_gras,1406
Folic_acid,1407
Folk_music,1408
Folklore,1409
Food,1410
Football,1411
Football_%28soccer%29,1412
Force,1413
Forest,1414
Formic_acid,1415
Formula_One,1416
Forrest_Gump,1417
Forth,1418
Forth_Bridge_%28railway%29,1419
Forth_Road_Bridge,1420
Fossil,1421
Fossil_fuel,1422
Fossil_record,1423
Fourteenth_Amendment_to_the_United_States_Constitution,1424
Fox,1425
Fr%C3%A9d%C3%A9ric_Chopin,1426
Fractal,1427
France,1428
France_in_the_American_Revolutionary_War,1429
Frances_Oldham_Kelsey,1430
Francis_Bacon,1431
Francis_Crick,1432
Francis_Drake,1433
Francis_of_Assisi,1434
Francisco_Goya,1435
Francium,1436
Frank_Lloyd_Wright,1437
Frankenstein,1438
Frankfurt,1439
Franklin_D._Roosevelt,1440
Franklin_Pierce,1441
Franks,1442
Franz_Kafka,1443
Franz_Schubert,1444
Frederick_Douglass,1445
Frederick_Hamilton-Temple-Blackwood%2C_1st_Marquess_of_Dufferin_and_Ava,1446
Frederick_II%2C_Holy_Roman_Emperor,1447
Frederick_II_of_Prussia,1448
Freetown,1449
French_Guiana,1450
French_language,1451
French_Open_%28tennis%29,1452
French_Polynesia,1453
French_Revolution,1454
French_Southern_and_Antarctic_Lands,1455
Fresh_water,1456
Friedrich_Nietzsche,1457
Frog,1458
Fruit,1459
Fugu,1460
Full_moon,1461
Funchal,1462
Functional_programming,1463
Fundamental_theorem_of_arithmetic,1464
Fungus,1465
Fusarium,1466
Fyodor_Dostoevsky,1467
Gabon,1468
Gaborone,1469
Gadolinium,1470
Gal%C3%A1pagos_Islands,1471
Galah,1472
Galaxy,1473
Galeras,1474
Galileo_Galilei,1475
Gallium,1476
Galveston_Hurricane_of_1900,1477
Game,1478
Game_theory,1479
Ganesha,1480
Ganges_River,1481
Ganges_shark,1482
Gangtok,1483
Garage_%28dance_music%29,1484
Garden,1485
Gardening,1486
Gas,1487
Gas_giant,1488
Gas_metal_arc_welding,1489
Gas_tungsten_arc_welding,1490
Gas_turbine-electric_locomotive,1491
Gaur,1492
Gauss%27s_law,1493
Gautama_Buddha,1494
Gaza_Strip,1495
Gazelle,1496
GDRT,1497
Gender,1498
Genealogy,1499
General_Pershing_Zephyr,1500
Genetic_code,1501
Genetics,1502
Geneva,1503
Genghis_Khan,1504
Genoa,1505
Gentoo_penguin,1506
Geography,1507
Geography_of_India,1508
Geography_of_Ireland,1509
Geology,1510
Geology_of_the_Grand_Canyon_area,1511
Geometry,1512
Georg_Cantor,1513
George_Byron%2C_6th_Baron_Byron,1514
George_Eliot,1515
George_Fox,1516
George_H._W._Bush,1517
George_Herbert,1518
George_I_of_Great_Britain,1519
George_II_of_Great_Britain,1520
George_III_of_the_United_Kingdom,1521
George_IV_of_the_United_Kingdom,1522
George_V_of_the_United_Kingdom,1523
George_VI_of_the_United_Kingdom,1524
George_W._Bush,1525
George_Washington,1526
Georgetown%2C_Guyana,1527
Georgia_%28country%29,1528
Gerald_Durrell,1529
Gerald_Ford,1530
German_Crusade%2C_1096,1531
German_language,1532
German_reunification,1533
Germanium,1534
Germany,1535
Gettysburg_Address,1536
Ghana,1537
Ghost_Dance,1538
Giant%27s_Causeway,1539
Giant_Eland,1540
Giant_Hogweed,1541
Giant_Panda,1542
Gibraltar,1543
Giganotosaurus,1544
Gilles_Villeneuve,1545
Giraffe,1546
Giuseppe_Verdi,1547
Giza_pyramid_complex,1548
Glacier,1549
Glacier_National_Park_%28US%29,1550
Glaciology,1551
Glasgow,1552
Glass,1553
Glasses,1554
Glastonbury_Festival,1555
GlaxoSmithKline,1556
Gliding,1557
Gliese_876,1558
Gliese_876_b,1559
Gliese_876_c,1560
Gliese_876_d,1561
Global,1562
Global_city,1563
Global_spread_of_H5N1,1564
Global_warming,1565
Globalization,1566
Globe_Theatre,1567
Globular_cluster,1568
Glorious_Revolution,1569
Glynn_Lunney,1570
Gmail,1571
GNOME,1572
GNU,1573
GNU_Project,1574
Go_%28board_game%29,1575
Goa,1576
God,1577
Gold,1578
Gold%28III%29_chloride,1579
Gold_standard,1580
Golden_Eagle,1581
Golden_Gate_Highlands_National_Park,1582
Goldfish,1583
Gone_with_the_Wind_%28film%29,1584
Google,1585
Goose,1586
Gordon_Brown,1587
Gorilla,1588
Gossypium,1589
Gothenburg,1590
Gottfried_Leibniz,1591
Government,1592
Government_of_France,1593
Grand_Canal_of_China,1594
Grand_Canyon,1595
Grand_Central_Terminal,1596
Grand_Slam_%28tennis%29,1597
Grange_Hill,1598
Granite,1599
Grape_seed_oil,1600
Graphic_novel,1601
Gravitation,1602
Gray_reef_shark,1603
Gray_Wolf,1604
Grease_%28film%29,1605
Great_Auk,1606
Great_Barrier_Reef,1607
Great_Black-backed_Gull,1608
Great_Britain,1609
Great_Bustard,1610
Great_comet,1611
Great_Comet_of_1882,1612
Great_Cormorant,1613
Great_Crested_Grebe,1614
Great_Lakes,1615
Great_Lakes_Storm_of_1913,1616
Great_Moravia,1617
Great_Pyramid_of_Giza,1618
Great_Red_Spot,1619
Great_Rift_Valley,1620
Great_Salt_Lake,1621
Great_Spotted_Woodpecker,1622
Great_Wall_of_China,1623
Great_white_shark,1624
Great_Yarmouth,1625
Greco-Buddhism,1626
Greece,1627
Greek_mythology,1628
Greek_War_of_Independence,1629
Green_Woodpecker,1630
Greenhouse_effect,1631
Greenland,1632
Greg_LeMond,1633
Gregor_Mendel,1634
Gregorian_chant,1635
Grenada,1636
Grevy%27s_Zebra,1637
Group_%28mathematics%29,1638
Grover_Cleveland,1639
Guadeloupe,1640
Guam,1641
Guangzhou,1642
Guatemala,1643
Guernsey,1644
Guglielmo_Marconi,1645
Guild,1646
Guinea,1647
Guinea-Bissau,1648
Guinness,1649
Guitar,1650
Gulf_of_Mexico,1651
Gull,1652
Gunpowder,1653
Guqin,1654
Gustav_Holst,1655
Gustavus_Franklin_Swift,1656
Guyana,1657
Gyeongju,1658
Gypsum,1659
H%C3%A4nsel_und_Gretel,1660
H.D.,1661
H5N1,1662
H_II_region,1663
Habsburg_Spain,1664
Hadrian%27s_Wall,1665
Haemophilia,1666
Hafnium,1667
Haiti,1668
Halfbeak,1669
Halloween,1670
Hamburg,1671
Hammurabi,1672
Hampshire,1673
Hampstead_Heath,1674
Hannibal_Barca,1675
Hanoi,1676
Harald_Maddadsson,1677
Haraldsk%C3%A6r_Woman,1678
Harare,1679
Hardball_squash,1680
Harlem_Globetrotters,1681
Harley-Davidson,1682
Harold_Macmillan,1683
Harold_Wilson,1684
Harrier_Hawk,1685
Harry_Potter,1686
Harry_S._Truman,1687
Harvest,1688
Hasekura_Tsunenaga,1689
Hassium,1690
Hatshepsut,1691
Hawaiian_Goose,1692
Hawk,1693
Hawk-Eye,1694
Hawking_radiation,1695
HD_209458_b,1696
HD_217107,1697
Health,1698
Heard_Island_and_McDonald_Islands,1699
Heat,1700
Hebrew_calendar,1701
Hebrew_language,1702
Hebrides,1703
Helen,1704
Helen_Gandy,1705
Helicobacter_pylori,1706
Heliocentrism,1707
Helium,1708
Hellenistic_Greece,1709
Hello_Garci_scandal,1710
Helmeted_Guineafowl,1711
Helsinki,1712
Henipavirus,1713
Henri_Matisse,1714
Henrik_Ibsen,1715
Henry_David_Thoreau,1716
Henry_Fonda,1717
Henry_Ford,1718
Henry_H._Rogers,1719
Henry_I_of_England,1720
Henry_II_of_England,1721
Henry_III_of_England,1722
Henry_IV_of_England,1723
Henry_James,1724
Henry_Moore,1725
Henry_Morrison_Flagler,1726
Henry_Morton_Stanley,1727
Henry_Purcell,1728
Henry_Rollins,1729
Henry_V_of_England,1730
Henry_VI_of_England,1731
Henry_VII_of_England,1732
Henry_VIII_of_England,1733
Hepatocellular_carcinoma,1734
Heracles,1735
Heraclius,1736
Heraldry,1737
Herbert_Hoover,1738
Herbig-Haro_object,1739
Herbivore,1740
Hern%C3%A1n_Cort%C3%A9s,1741
Hero_of_the_Russian_Federation,1742
Herodotus,1743
Heron,1744
Herrerasaurus,1745
Herring_Gull,1746
Hey_Jude,1747
High_German_consonant_shift,1748
Himalayas,1749
Himno_Nacional_Mexicano,1750
Hindi,1751
Hinduism,1752
Hip_hop_music,1753
Hippocrates,1754
Hippopotamus,1755
Hirohito,1756
History,1757
History_of_Alaska,1758
History_of_Anglo-Saxon_England,1759
History_of_Arizona,1760
History_of_Buddhism,1761
History_of_Central_Asia,1762
History_of_computing_hardware,1763
History_of_democracy,1764
History_of_Earth,1765
History_of_Greece,1766
History_of_Greenland,1767
History_of_New_Jersey,1768
History_of_nuclear_weapons,1769
History_of_painting,1770
History_of_post-Soviet_Russia,1771
History_of_Puerto_Rico,1772
History_of_Russia,1773
History_of_science,1774
History_of_slavery,1775
History_of_South_Africa,1776
History_of_South_Africa_in_the_apartheid_era,1777
History_of_South_Carolina,1778
History_of_the_Internet,1779
History_of_the_world,1780
HIV,1781
Ho_Chi_Minh,1782
Ho_Chi_Minh_City,1783
Holkham_Hall,1784
Hollandic,1785
Holmium,1786
Holy_Roman_Empire,1787
Homer,1788
Homestar_Runner,1789
Homo_floresiensis,1790
Honduras,1791
Honey,1792
Honey_bee,1793
Hong_Kong,1794
Hoover_Dam,1795
Hopman_Cup,1796
Horatio_Nelson%2C_1st_Viscount_Nelson,1797
Horn_of_Africa,1798
Horse,1799
Hot_air_balloon,1800
House,1801
House_Martin,1802
House_of_Lords,1803
House_Sparrow,1804
Household_income_in_the_United_States,1805
Houston%2C_Texas,1806
Hovercraft,1807
Howards_End,1808
Howland_Island,1809
HSBC,1810
HTTP_cookie,1811
Hubbard_Glacier,1812
Hubble%27s_law,1813
Hubble_Deep_Field,1814
Hubble_Space_Telescope,1815
Hudson_Bay,1816
Hugo_Wolf,1817
Human,1818
Human_dignity,1819
Human_rights,1820
Humanism,1821
Humanities,1822
Humour,1823
Humpback_Whale,1824
Humphry_Davy,1825
Humus,1826
Hundred_Years%27_War,1827
Hungary,1828
Hunger,1829
Huntington%27s_disease,1830
Hurricane_Alex_%282004%29,1831
Hurricane_Andrew,1832
Hurricane_Camille,1833
Hurricane_Charley,1834
Hurricane_David,1835
Hurricane_Dennis,1836
Hurricane_Edouard_%281996%29,1837
Hurricane_Epsilon_%282005%29,1838
Hurricane_Felix_%281995%29,1839
Hurricane_Floyd,1840
Hurricane_Georges,1841
Hurricane_Ivan,1842
Hurricane_John_%281994%29,1843
Hurricane_John_%282006%29,1844
Hurricane_Katrina,1845
Hurricane_Lenny,1846
Hurricane_Mitch,1847
Hurricane_Philippe_%282005%29,1848
Hurricane_Vince_%282005%29,1849
Husein_Grada%C5%A1%C4%8Devi%C4%87,1850
Hutu,1851
Hyde_Park%2C_London,1852
Hydrochloric_acid,1853
Hydrogen,1854
Hydrogen_peroxide,1855
Hydrology,1856
Hyena,1857
Hymenoptera,1858
I_Ching,1859
I_Want_to_Hold_Your_Hand,1860
Ibn_Battuta,1861
Ice,1862
Ice_age,1863
Ice_hockey,1864
Ice_sheet,1865
Iceland,1866
Iceland_hotspot,1867
Ichthyosaur,1868
Idit_Harel_Caperton,1869
Idolatry,1870
IG_Farben_Building,1871
Igneous_rock,1872
Igor_Stravinsky,1873
Iguanodon,1874
Ike_Altgens,1875
Imagism,1876
Immanuel_Kant,1877
Imperative_programming,1878
Imperial_Japanese_Navy,1879
Impressionism,1880
Inca_Empire,1881
Income_disparity,1882
India,1883
Indian_cricket_team,1884
Indian_independence_movement,1885
Indian_Ocean,1886
Indian_Peafowl,1887
Indian_Railways,1888
Indian_Standard_Time,1889
Indira_Gandhi,1890
Indium,1891
Indo-Greek_Kingdom,1892
Indonesia,1893
Indonesian_language,1894
Indricotherium,1895
Inductance,1896
Indus_River,1897
Indus_Valley_Civilization,1898
Industrial_Revolution,1899
Industry,1900
Information,1901
Infrastructure,1902
Inner_Hebrides,1903
Insect,1904
Insulin,1905
Integrated_circuit,1906
Intel_Corporation,1907
Intelligence,1908
International_Court_of_Justice,1909
International_human_rights_instruments,1910
International_law,1911
International_Red_Cross_and_Red_Crescent_Movement,1912
International_Space_Station,1913
Internet,1914
Internet_Explorer,1915
Interpol,1916
Introduction_to_special_relativity,1917
Invasion,1918
Invasion_of_Grenada,1919
Invasive_species,1920
Invertebrate,1921
Investment_banking,1922
Iodine,1923
IPod,1924
Ipswich,1925
Iran,1926
Iranian_peoples,1927
Iraq,1928
Iraq_War,1929
Ireland,1930
Iridium,1931
Irish_people,1932
Irish_poetry,1933
Irish_Sea,1934
Irish_theatre,1935
Iron,1936
Iron%28III%29_chloride,1937
Iron_Age,1938
Iron_Maiden,1939
Irrigation,1940
Isaac,1941
Isaac_Asimov,1942
Isaac_Brock,1943
Isaac_Newton,1944
Isambard_Kingdom_Brunel,1945
Isan,1946
Ishango_bone,1947
Isis,1948
Islam,1949
Islamic_republic,1950
Island_Fox,1951
Isle_of_Man,1952
Isle_of_Wight,1953
Isles_of_Scilly,1954
Isospin,1955
Israel,1956
Issyk_Kul,1957
Istanbul,1958
Italian_Renaissance,1959
Italian_War_of_1521,1960
Italo_disco,1961
Italy,1962
ITunes,1963
Ivan_IV_of_Russia,1964
Ivory,1965
Ivory-billed_Woodpecker,1966
J%C3%B3zef_Pi%C5%82sudski,1967
J._J._Thomson,1968
J._K._Rowling,1969
J._M._W._Turner,1970
J._R._R._Tolkien,1971
J._S._Fry_%26_Sons,1972
Jack_Kerouac,1973
Jackal,1974
Jackanory,1975
Jackdaw,1976
Jackie_Robinson,1977
Jacobite_rising,1978
Jacques-Louis_David,1979
Jacques_Cartier,1980
Jakarta,1981
Jake_Gyllenhaal,1982
Jamaica,1983
James_Bond,1984
James_Buchanan,1985
James_Callaghan,1986
James_Clerk_Maxwell,1987
James_Cook,1988
James_D._Watson,1989
James_Garfield,1990
James_I_of_England,1991
James_II_of_England,1992
James_Joyce,1993
James_K._Polk,1994
James_Lovelock,1995
James_Monroe,1996
James_Stewart_%28actor%29,1997
James_Watt,1998
Jan_Mayen,1999
Jane_Austen,2000
Jane_Eyre,2001
Jane_Fonda,2002
Japan,2003
Japanese_war_crimes,2004
Japanese_yen,2005
Jarvis_Island,2006
Jaws_%28film%29,2007
Jazz,2008
Jean-Jacques_Rousseau,2009
Jehovah,2010
Jerry_Fodor,2011
Jersey,2012
Jersey_Zoological_Park,2013
Jerusalem,2014
Jesse_Owens,2015
Jesus,2016
Jet_engine,2017
Jet_Set_Willy,2018
Jew,2019
Jewellery,2020
Jiaogulan,2021
Jimmy_Carter,2022
Jimmy_Wales,2023
Joan_of_Arc,2024
Jocelin,2025
Johann_Pachelbel,2026
Johann_Sebastian_Bach,2027
Johann_Wolfgang_Goethe,2028
Johannes_Gutenberg,2029
Johannes_Kepler,2030
Johannes_Ockeghem,2031
Johannesburg,2032
John_Adams,2033
John_Bull_%28locomotive%29,2034
John_Cabot,2035
John_Calvin,2036
John_Constable,2037
John_Dee,2038
John_F._Kennedy,2039
John_F._Kennedy_assassination,2040
John_Flamsteed,2041
John_Howard,2042
John_Locke,2043
John_Logie_Baird,2044
John_Marshall,2045
John_Maynard_Keynes,2046
John_McEnroe,2047
John_Millington_Synge,2048
John_Milton,2049
John_of_England,2050
John_Pershing,2051
John_Seigenthaler%2C_Sr.,2052
John_Sentamu,2053
John_Tyler,2054
John_Vanbrugh,2055
John_von_Neumann,2056
John_W._Campbell,2057
John_W._Johnston,2058
Johnny_Appleseed,2059
Johnston_Atoll,2060
Jomsvikings,2061
Jonah_Lomu,2062
Jonathan_Wild,2063
Jordan,2064
Jordan_River,2065
Jorge_Luis_Borges,2066
Joseph_and_the_Amazing_Technicolor_Dreamcoat,2067
Joseph_Haydn,2068
Joseph_Stalin,2069
Josephus,2070
Juan_Sebasti%C3%A1n_Elcano,2071
Judaism,2072
Juice,2073
Julius_Caesar,2074
July_2006_Java_earthquake,2075
Jump_rope,2076
Juniper_berry,2077
Jupiter,2078
Jupiter_%28mythology%29,2079
Jurassic,2080
Juvenile_delinquency,2081
Jyllands-Posten_Muhammad_cartoons_controversy,2082
K%C4%ABlauea,2083
Kaffir_lime,2084
Kakapo,2085
Kangaroo,2086
Kansas_City%2C_Missouri,2087
Karachi,2088
Kargil_War,2089
Karl_Benz,2090
Karl_Marx,2091
Karl_Popper,2092
Kashmir_region,2093
Katana,2094
Kazakhstan,2095
Keira_Knightley,2096
Kenya,2097
Kerala,2098
Kestrel,2099
Kevin_Spacey,2100
Khan_Wali_Khan,2101
Khartoum,2102
Khazars,2103
Khudai_Khidmatgar,2104
Kiev,2105
Kigali,2106
Kigo,2107
King_Arthur,2108
King_Kong_%281933_film%29,2109
King_Kong_%282005_film%29,2110
Kingman_Reef,2111
Kiribati,2112
Kite_%28bird%29,2113
Kitsch,2114
Knights_of_Columbus,2115
Kochi_%28India%29,2116
Kofi_Annan,2117
Kohlberg%27s_stages_of_moral_development,2118
Kolkata,2119
Konrad_Lorenz,2120
Kookaburra,2121
Korea,2122
Koryaksky,2123
Kosovo,2124
Krag-J%C3%B8rgensen,2125
Krakatoa,2126
Krazy_Kat,2127
Krill,2128
Krypton,2129
Ku_Klux_Klan,2130
Kuala_Lumpur,2131
Kubla_Khan,2132
Kuiper_belt,2133
Kurt_Cobain,2134
Kuru_%28disease%29,2135
Kuwait,2136
Kuwait_City,2137
Kylie_Minogue,2138
Kyoto_Protocol,2139
Kyrgyzstan,2140
L._S._Lowry,2141
La_Grande_Arm%C3%A9e,2142
La_Paz,2143
Labor_Day_Hurricane_of_1935,2144
Ladysmith_Black_Mambazo,2145
Lagos,2146
Laika,2147
Lake_Albert,2148
Lake_Baikal,2149
Lake_Burley_Griffin,2150
Lake_Chad,2151
Lake_District,2152
Lake_Edward,2153
Lake_Kariba,2154
Lake_Kivu,2155
Lake_Malawi,2156
Lake_Mead,2157
Lake_Powell,2158
Lake_Superior,2159
Lake_Tahoe,2160
Lake_Tanganyika,2161
Lake_Titicaca,2162
Lake_Toba,2163
Lake_Turkana,2164
Lake_Victoria,2165
Lake_Vostok,2166
Lance_Armstrong,2167
Land_%28economics%29,2168
Landform,2169
Landscape,2170
Language,2171
Lanthanum,2172
Laos,2173
Laozi,2174
Las_Palmas_de_Gran_Canaria,2175
Las_Vegas%2C_Nevada,2176
Last_Supper,2177
Latin,2178
Latin_alphabet,2179
Latin_America,2180
Latvia,2181
Laurence_Olivier,2182
Laurent_Fignon,2183
Lavender,2184
Law,2185
Lawn,2186
Lawrencium,2187
Laws_in_Wales_Acts_1535%E2%80%931542,2188
Layla,2189
Lead,2190
League_of_Nations,2191
Leaning_Tower_of_Pisa,2192
Lebanon,2193
Leeds,2194
Lego,2195
Leicester,2196
Leif_Ericson,2197
Leisure,2198
Lemon,2199
Lemon_balm,2200
Lemon_myrtle,2201
Lens_%28anatomy%29,2202
Leo_Tolstoy,2203
Leon_Trotsky,2204
Leonardo_da_Vinci,2205
Leonhard_Euler,2206
Lerwick,2207
Lesotho,2208
Lettuce,2209
Levee_failures_in_Greater_New_Orleans%2C_2005,2210
Lhasa,2211
Liberal_democracy,2212
Liberal_Democrats,2213
Liberalism,2214
Liberia,2215
Libertarianism,2216
Library,2217
Library_of_Alexandria,2218
Library_of_Congress,2219
Libreville,2220
Libya,2221
Liechtenstein,2222
Life,2223
Light,2224
Lighthouse_of_Alexandria,2225
Lighting_designer,2226
Lightning_rod,2227
Lille,2228
Lilongwe,2229
Lima,2230
Limerick,2231
Lindisfarne_Gospels,2232
Linear_algebra,2233
Linguistics,2234
Link_%28The_Legend_of_Zelda%29,2235
Linus_Pauling,2236
Linus_Torvalds,2237
Linux,2238
Lion,2239
Lipid,2240
Liquid_crystal,2241
Lisbon,2242
List_of_Archbishops_of_Canterbury,2243
List_of_areas_in_the_National_Park_System_of_the_United_States,2244
List_of_Asian_countries,2245
List_of_circulating_currencies,2246
List_of_countries,2247
List_of_countries_by_system_of_government,2248
List_of_elements_by_name,2249
List_of_essential_oils,2250
List_of_European_countries,2251
List_of_European_Union_member_states_by_accession,2252
List_of_French_monarchs,2253
List_of_minerals,2254
List_of_monarchs_in_the_British_Isles,2255
List_of_Oceanian_countries,2256
List_of_popes,2257
List_of_Prime_Ministers_of_the_United_Kingdom,2258
List_of_rivers_by_length,2259
List_of_sovereign_states,2260
List_of_Test_cricket_triple_centuries,2261
List_of_U.S._states_by_date_of_statehood,2262
List_of_universities_in_the_United_Kingdom,2263
List_of_vegetable_oils,2264
Literacy,2265
Literature,2266
Lithium,2267
Lithium_aluminium_hydride,2268
Lithuania,2269
Little_Women,2270
Liverpool,2271
Liverpool_and_Manchester_Railway,2272
Liverpool_F.C.,2273
Llandudno,2274
Llywelyn_the_Great,2275
Local_community,2276
Local_government_in_the_United_Kingdom,2277
Loch,2278
Loch_Ness,2279
Logic,2280
Logistics,2281
Lom%C3%A9,2282
London,2283
London_Bridge,2284
London_sewerage_system,2285
London_Underground,2286
London_Zoo,2287
Long-billed_Vulture,2288
Long_pepper,2289
Longship,2290
Looney_Tunes,2291
Lord%27s_Resistance_Army,2292
Lord_Voldemort,2293
Los_Angeles%2C_California,2294
Lost_%28TV_series%29,2295
Lothal,2296
Louis_Armstrong,2297
Louis_Jordan,2298
Louis_Pasteur,2299
Louis_XIV_of_France,2300
Louisville%2C_Kentucky,2301
Lovage,2302
Love,2303
Lucy%2C_Lady_Duff-Gordon,2304
Ludwig_van_Beethoven,2305
Ludwig_Wittgenstein,2306
Luftwaffe,2307
Luminiferous_aether,2308
Lunar_eclipse,2309
Lung_cancer,2310
Lusaka,2311
Lutetium,2312
Luxembourg,2313
Luxembourg_%28city%29,2314
Lyme_disease,2315
Lyndon_B._Johnson,2316
Lyon,2317
M%2AA%2AS%2AH_%28TV_series%29,2318
M1_motorway,2319
M25_motorway,2320
M6_motorway,2321
Macau,2322
Macbeth,2323
Macbeth_of_Scotland,2324
Macedon,2325
Machu_Picchu,2326
Macintosh,2327
Mackenzie_River,2328
Madagascar,2329
Madama_Butterfly,2330
Madrid,2331
Magellanic_Penguin,2332
Maghreb,2333
Magic__The_Gathering,2334
Maglev_train,2335
Magma,2336
Magna_Carta,2337
Magnesium,2338
Magnet,2339
Magnetism,2340
Magpie,2341
Mahabharata,2342
Mahatma_Gandhi,2343
Mahjong,2344
Mahmoud_Abbas,2345
Maiasaura,2346
Maize,2347
Makuria,2348
Malaria,2349
Malaspina_Glacier,2350
Malawi,2351
Malaysia,2352
Malcolm_II_of_Scotland,2353
Malcolm_III_of_Scotland,2354
Malcolm_X,2355
Maldives,2356
Mali,2357
Mallard,2358
Malta,2359
Mammal,2360
Mammoth,2361
Mammoth_Cave_National_Park,2362
Mancala,2363
Manchester,2364
Manchester_United_F.C.,2365
Mandan,2366
Manganese,2367
Mango,2368
Manifest_Destiny,2369
Manifold,2370
Manila,2371
Manorialism,2372
Manuel_I_Komnenos,2373
Manufacturing,2374
Mao_Zedong,2375
Map_projection,2376
Maputo,2377
Marcel_Lefebvre,2378
Marcel_Proust,2379
Marco_Polo,2380
Marcus_Allen,2381
Margaret_Sanger,2382
Margaret_Thatcher,2383
Margate,2384
Margin_of_error,2385
Marie_Curie,2386
Mario,2387
Marjoram,2388
Mark_Antony,2389
Mark_Twain,2390
Mark_Twain_House,2391
Mark_Webber,2392
Market,2393
Markup_language,2394
Mars,2395
Mars_Exploration_Rover,2396
Mars_Reconnaissance_Orbiter,2397
Marseille,2398
Marshall_Islands,2399
Marshall_Plan,2400
Martin_Luther,2401
Martin_Luther_King%2C_Jr.,2402
Martin_Van_Buren,2403
Martina_Navratilova,2404
Martinique,2405
Marvin_Gaye,2406
Marxism,2407
Mary_I_of_England,2408
Mary_I_of_Scotland,2409
Mary_II_of_England,2410
Mary_Seacole,2411
Maseru,2412
Mass_media,2413
Mass_Rapid_Transit_%28Singapore%29,2414
Massospondylus,2415
Material_properties_of_diamond,2416
Mathematical_analysis,2417
Mathematics,2418
Matilda_of_Boulogne,2419
Matrix_%28mathematics%29,2420
Matsuo_Bash%C5%8D,2421
Matter,2422
Matthew_Brettingham,2423
Mauna_Loa,2424
Mauritania,2425
Mauritius,2426
Mauthausen-Gusen_concentration_camp,2427
Max_Planck,2428
Max_Weber,2429
Maxwell%27s_equations,2430
Maya_civilization,2431
Maya_mythology,2432
Mayotte,2433
Mbabane,2434
McFly_%28band%29,2435
Meander,2436
Measles,2437
Measurement,2438
Meat,2439
Mecca,2440
Mechanical_work,2441
Medal_of_Honor,2442
Medicine,2443
Medieval_commune,2444
Medieval_literature,2445
Medieval_music,2446
Mediterranean_Sea,2447
Meitnerium,2448
Mekong,2449
Melbourne,2450
Mendelevium,2451
Mendip_Hills,2452
Meningitis,2453
Menstrual_cycle,2454
Mentha,2455
Menthol,2456
Mercantilism,2457
Mercia,2458
Mercury_%28element%29,2459
Mercury_%28planet%29,2460
Merrimack_River,2461
Merseburg_Incantations,2462
Mesopotamia,2463
Mestizo,2464
Metal,2465
Metallurgy,2466
Metamorphic_rock,2467
Meteor,2468
Meteor_shower,2469
Meteorological_history_of_Hurricane_Katrina,2470
Meteorology,2471
Metric_expansion_of_space,2472
Mexico,2473
Mexico_City,2474
Miami%2C_Florida,2475
Michael_Faraday,2476
Michael_Jordan,2477
Michael_Ramsey,2478
Michelangelo,2479
Michigan_State_University,2480
Mickey_Mantle,2481
Microraptor,2482
Microscope,2483
Microsoft,2484
Microsoft_Windows,2485
Middle_Ages,2486
Middle_East,2487
Midway_Atoll,2488
Miguel_de_Cervantes,2489
Mikhail_Gorbachev,2490
Milan,2491
Miles_Davis,2492
Milgram_experiment,2493
Military_dictatorship,2494
Military_history_of_the_Soviet_Union,2495
Milk,2496
Milkshake,2497
Milky_Way,2498
Millard_Fillmore,2499
Milton_Keynes,2500
Mind,2501
Mineral,2502
Ming_Dynasty,2503
Mini,2504
MINI_%28BMW%29,2505
Minimum_wage,2506
Mining,2507
Minmi_%28dinosaur%29,2508
Minneapolis%2C_Minnesota,2509
Minnesota,2510
Minoan_civilization,2511
Minstrel_show,2512
Miocene,2513
Mir,2514
Miranda_Otto,2515
Mississippi_River,2516
Missouri_River,2517
Mistle_Thrush,2518
Mitochondrial_Eve,2519
Mitochondrion,2520
Mixed-breed_dog,2521
Modern_history,2522
Modernist_poetry_in_English,2523
Mogadishu,2524
Mohs_scale_of_mineral_hardness,2525
Moldova,2526
Moldovans,2527
Mole_%28animal%29,2528
Molybdenum,2529
Momentum,2530
Mona_Lisa,2531
Monaco,2532
Monaco_Grand_Prix,2533
Monarchies_in_the_European_Union,2534
Monarchy,2535
Money,2536
Mongol_Empire,2537
Mongolia,2538
Mongoose,2539
Monkey,2540
Monoclonius,2541
Monopoly_%28game%29,2542
Monrovia,2543
Montenegro,2544
Montevideo,2545
Montreal,2546
Montreal_Metro,2547
Montserrat,2548
Monty_Python,2549
Moon,2550
Moon_landing,2551
Moore%27s_Law,2552
Morecambe_and_Wise,2553
Morecambe_Bay,2554
Moringa_oleifera,2555
Mormon,2556
Mormon_Trail,2557
Morocco,2558
Morphine,2559
Morris_dance,2560
Mosaic,2561
Moscow,2562
Mosque,2563
Moss,2564
Mother_Teresa,2565
Motion_%28physics%29,2566
Mount_Baker,2567
Mount_Everest,2568
Mount_Kilimanjaro,2569
Mount_Nyiragongo,2570
Mount_Osmond%2C_South_Australia,2571
Mount_Pinatubo,2572
Mount_Rainier,2573
Mount_Rushmore,2574
Mount_St._Helens,2575
Mount_Unzen,2576
Mount_Vesuvius,2577
Mountain_Gorilla,2578
Mozambique,2579
Mozilla_Firefox,2580
Mu_Arae,2581
Muhammad,2582
Muhammad_Ali,2583
Muhammad_Ali_Jinnah,2584
Muhammad_ibn_Musa_al-Khwarizmi,2585
Muhammad_Iqbal,2586
Multiculturalism,2587
Multiple_sclerosis,2588
Multiple_sequence_alignment,2589
Mumbai,2590
Mummy,2591
Munich,2592
Murray_River,2593
Muscat%2C_Oman,2594
Music,2595
Music_of_Antigua_and_Barbuda,2596
Music_of_Barbados,2597
Music_of_Dominica,2598
Music_of_Hawaii,2599
Music_of_Hungary,2600
Music_of_Ireland,2601
Music_of_Italy,2602
Music_of_Martinique_and_Guadeloupe,2603
Music_of_New_Zealand,2604
Music_of_Spain,2605
Music_of_the_Bahamas,2606
Music_of_the_Lesser_Antilles,2607
Music_of_the_trecento,2608
Music_of_the_United_States,2609
Music_of_Trinidad_and_Tobago,2610
Musical_instrument,2611
Mustard_plant,2612
Mustard_seed,2613
Muttaburrasaurus,2614
Myanmar,2615
Myco-heterotrophy,2616
Myers-Briggs_Type_Indicator,2617
Myocardial_infarction,2618
Mysticism,2619
Mythology,2620
Myxobolus_cerebralis,2621
Nagorno-Karabakh_War,2622
Nahuatl_language,2623
Nairobi,2624
Naked_Mole_Rat,2625
Names_of_God_in_Judaism,2626
Namibia,2627
Napoleon_I_of_France,2628
Napoleonic_Wars,2629
Napster,2630
Nash_equilibrium,2631
Nashville%2C_Tennessee,2632
Natalie_Portman,2633
Nathu_La,2634
National_Anthem_of_Russia,2635
National_Gallery%2C_London,2636
National_Hockey_League,2637
National_parks_of_England_and_Wales,2638
Nationalism,2639
Nationality,2640
NATO,2641
Natural_disaster,2642
Natural_gas,2643
Natural_selection,2644
Nature,2645
Nauru,2646
Naval_Battle_of_Guadalcanal,2647
Navassa_Island,2648
Nazi_Germany,2649
Nazism,2650
Necktie,2651
Negros_Oriental,2652
Neighbours,2653
Neil_Armstrong,2654
Neil_Young,2655
Nelson_Mandela,2656
Nematode,2657
Neoclassicism,2658
Neodymium,2659
Neon,2660
Nepal,2661
Neptune,2662
Neptunium,2663
Netball,2664
Netherlands,2665
Netherlands_Antilles,2666
Neutron,2667
New_Caledonia,2668
New_Delhi,2669
New_England_Patriots,2670
New_Forest,2671
New_moon,2672
New_York_City,2673
New_Zealand,2674
Newark%2C_New_Jersey,2675
Newcastle_upon_Tyne,2676
Newmarket,2677
Newspaper,2678
Newsround,2679
Niagara_Falls,2680
Nicaragua,2681
Niccol%C3%B2_Machiavelli,2682
Niccol%C3%B2_Paganini,2683
Nickel,2684
Nicolaus_Copernicus,2685
Niels_Bohr,2686
Niger,2687
Niger_River,2688
Nigeria,2689
Nightingale,2690
Nikola_Tesla,2691
Nikolai_Rimsky-Korsakov,2692
Nile,2693
Nineteen_Eighty-Four,2694
Nintendo,2695
Nintendo_DS,2696
Nintendo_Entertainment_System,2697
Niobium,2698
Nirvana_%28band%29,2699
Nitrification,2700
Nitrogen,2701
Nitrogen_cycle,2702
Nitrogen_fixation,2703
Niue,2704
Noam_Chomsky,2705
Nobel_Peace_Prize,2706
Nobelium,2707
Nobiin_language,2708
Norfolk,2709
Norfolk_Island,2710
Norman_Borlaug,2711
Norman_conquest_of_England,2712
Norse_mythology,2713
North_Africa,2714
North_America,2715
North_Atlantic_oscillation,2716
North_Korea,2717
North_Sea,2718
North_Sea_flood_of_1953,2719
North_Sea_oil,2720
Northern_Ireland,2721
Northern_Mariana_Islands,2722
Northern_Pacific_Railway,2723
Northwest_Africa,2724
Norway,2725
Norwich,2726
Nostradamus,2727
Nottingham,2728
Nouakchott,2729
Novel,2730
Novelty_%28locomotive%29,2731
Nuclear_fission,2732
Nuclear_power,2733
Nuclear_weapon,2734
Number,2735
Numismatics,2736
Nurse_sharks,2737
Nuthatch,2738
Nutmeg,2739
Nutrition,2740
Oasis_%28band%29,2741
Oat,2742
Obi-Wan_Kenobi,2743
Ocean,2744
Oceania,2745
Oceanography,2746
Odin,2747
Odysseus,2748
Odyssey,2749
Oenothera,2750
Oil_painting,2751
Oil_refinery,2752
Oil_reservoir,2753
Okapi,2754
Olaudah_Equiano,2755
Old_English_language,2756
Old_Nubian_language,2757
Old_Swiss_Confederacy,2758
Oleg_of_Novgorod,2759
Oligarchy,2760
Oligocene,2761
Olive_oil,2762
Oliver_Cromwell,2763
Oliver_Twist,2764
Ollanta_Humala,2765
Olmec,2766
Olympic_Games,2767
Oman,2768
Omega-3_fatty_acid,2769
One_Flew_Over_the_Cuckoo%27s_Nest_%28novel%29,2770
One_Foot_in_the_Grave,2771
Onion,2772
Onion_dome,2773
Open_cluster,2774
Open_source,2775
OpenBSD,2776
OpenOffice.org,2777
Opera,2778
Oppression,2779
Optical_fiber,2780
Optical_microscope,2781
Optical_telescope,2782
Opus_Dei,2783
Orbit_%28anatomy%29,2784
Orca,2785
Order_of_Canada,2786
Order_of_St._Patrick,2787
Order_of_the_Bath,2788
Order_of_the_Garter,2789
Order_of_the_Thistle,2790
Ordinal_number,2791
Ordinary_differential_equation,2792
Ordination_of_women,2793
Ordovician,2794
Oregano,2795
Oregon,2796
Organism,2797
Organization,2798
Orion_Nebula,2799
Orkney,2800
Ornithischia,2801
Oroonoko,2802
Osaka,2803
Osama_bin_Laden,2804
Osiris,2805
Oslo,2806
Osmium,2807
Osprey,2808
Osteomalacia,2809
Ostrich,2810
Oswald_of_Northumbria,2811
Ottawa,2812
Otter,2813
Otto_von_Bismarck,2814
Ottoman_Empire,2815
Ouagadougou,2816
Outer_Hebrides,2817
Overseas_Railroad,2818
Oviraptor,2819
Owl,2820
Oxbow_lake,2821
Oxford,2822
Oxygen,2823
Oxyrhynchus,2824
Ozone,2825
Ozone_depletion,2826
P%C3%B3voa_de_Varzim,2827
Pablo_Picasso,2828
Pac-Man,2829
Pachycephalosaurus,2830
Pacific_Ocean,2831
Painting,2832
Pakistan,2833
Palace_of_Westminster,2834
Palau,2835
Palazzo_Pitti,2836
Paleocene,2837
Paleontology,2838
Palestinian_territories,2839
Pali_Canon,2840
Palladian_architecture,2841
Palladium,2842
Palm_oil,2843
Palmyra_Atoll,2844
Pan_Am_Flight_103,2845
Panama,2846
Panama_Canal,2847
Papal_conclave,2848
Paprika,2849
Papua_New_Guinea,2850
Paraguay,2851
Paris,2852
Park,2853
Parliament_of_Canada,2854
Parliament_of_Malaysia,2855
Parliament_of_the_United_Kingdom,2856
Parliamentary_system,2857
Parrot,2858
Parsley,2859
Parsnip,2860
Parthenon,2861
Pashtun_people,2862
Passenger_Pigeon,2863
Pat_Cash,2864
Patna,2865
Paul_C%C3%A9zanne,2866
Paul_Dirac,2867
Paul_Kane,2868
Paul_McCartney,2869
Paul_of_Tarsus,2870
Pea,2871
Peace,2872
Peaceful_coexistence,2873
Peafowl,2874
Peak_District,2875
Peanut,2876
Pearl,2877
Pedagogy,2878
Pel%C3%A9,2879
Pelagic_zone,2880
Pellagra,2881
Pelycosaur,2882
Penda_of_Mercia,2883
Penguin,2884
Pennine_Way,2885
Pennsylvania_Railroad,2886
Pentateuch,2887
People%27s_Republic_of_China,2888
Peregrine_Falcon,2889
Perfect_number,2890
Pericles,2891
Periodic_table,2892
Periodic_table_%28large_version%29,2893
Perl,2894
Permian,2895
Pernicious_anemia,2896
Persian_Empire,2897
Persian_Gulf,2898
Persian_literature,2899
Perth%2C_Western_Australia,2900
Peru,2901
Pete_Sampras,2902
Peter_Grimes,2903
Peter_I_of_Russia,2904
Peter_Paul_Rubens,2905
Peterborough_Chronicle,2906
Petroleum,2907
Phase_%28matter%29,2908
Pheidippides,2909
Philadelphia,2910
Philately,2911
Philip_II_of_Spain,2912
Philippines,2913
Philosophiae_Naturalis_Principia_Mathematica,2914
Philosophy,2915
Philosophy_of_mind,2916
Phishing,2917
Phoenix_%28spacecraft%29,2918
Phoenix_Zoo,2919
Phonograph_cylinder,2920
Phosphorus,2921
Phosphorus_tribromide,2922
Phosphorus_trichloride,2923
Photography,2924
Photon,2925
Photosynthesis,2926
Photosynthetic_reaction_centre,2927
Physical_paradox,2928
Physical_science,2929
Physics,2930
Pi,2931
Piano,2932
Piccadilly_Circus,2933
Picts,2934
Pied_Avocet,2935
Pig,2936
Pigeon,2937
Pigment,2938
Pikachu,2939
Pink_Pigeon,2940
Pinworm,2941
Pitcairn_Islands,2942
Plains_Zebra,2943
Planet,2944
Planetary_habitability,2945
Planetary_nebula,2946
Plant,2947
Plant_cell,2948
Plasma_%28physics%29,2949
Plate_tectonics,2950
Platinum,2951
Plato,2952
Platypus,2953
Playing_card,2954
Pleiades_%28star_cluster%29,2955
Plesiosaur,2956
Pliocene,2957
Plover,2958
Plum,2959
Pluto,2960
Plutonium,2961
Plymouth,2962
Pneumonia,2963
Pochard,2964
Podcasting,2965
Poetry,2966
Poetry_of_the_United_States,2967
Poison_gas_in_World_War_I,2968
Pok%C3%A9mon_Trading_Card_Game,2969
Poland,2970
Polar_coordinate_system,2971
Polar_ice_cap,2972
Police,2973
Police_state,2974
Polish-Lithuanian_Commonwealth,2975
Polish-Muscovite_War_%281605%E2%80%931618%29,2976
Polish-Soviet_War,2977
Political_economy,2978
Political_integration_of_India,2979
Political_philosophy,2980
Political_science,2981
Politics,2982
Politics_of_the_United_Kingdom,2983
Pollinator,2984
Pollinator_decline,2985
Pollution,2986
Polonium,2987
Polymerase_chain_reaction,2988
Pompeii,2989
Pond,2990
PONG,2991
Pontiac%27s_Rebellion,2992
Pony,2993
Poor_Law,2994
Pop_Idol,2995
Pope,2996
Pope_Benedict_XVI,2997
Pope_John_Paul_II,2998
Pope_Pius_XII,2999
Popular_culture,3000
Popular_culture_studies,3001
Population_history_of_American_indigenous_peoples,3002
Porgy_and_Bess,3003
Port_Louis,3004
Porto-Novo,3005
Portsmouth,3006
Portugal,3007
Portuguese_Communist_Party,3008
Portuguese_language,3009
Post-glacial_rebound,3010
Postage_stamp,3011
Potassium,3012
Potassium_iodide,3013
Potassium_nitrate,3014
Potato,3015
Pottery,3016
Poultry,3017
Pound_sterling,3018
Poverty,3019
Prague,3020
Praia,3021
Praseodymium,3022
Pre-Raphaelite_Brotherhood,3023
Precambrian,3024
President_of_the_United_States,3025
Pretoria,3026
Pride_and_Prejudice,3027
Prime_Minister_of_the_United_Kingdom,3028
Prime_number,3029
Primula,3030
Princeton_University,3031
Principality,3032
Printmaking,3033
Prion,3034
Privy_Council_of_the_United_Kingdom,3035
Probability_theory,3036
Programming_language,3037
Project_Vanguard,3038
Promethium,3039
Propaganda,3040
Property,3041
Prospecting,3042
Prostate_cancer,3043
Protactinium,3044
Protein,3045
Protoceratops,3046
Proton,3047
Proxima_Centauri,3048
PRR_GG1,3049
Psittacosaurus,3050
PSR_B1620-26c,3051
Psychology,3052
Pterosaur,3053
Ptolemy,3054
Publishing,3055
Puerto_Rico,3056
Puffin,3057
Pumpkin,3058
Punctuated_equilibrium,3059
Pupil,3060
Pyongyang,3061
Pyotr_Ilyich_Tchaikovsky,3062
Pyramid,3063
Pyrite,3064
Pythagoras,3065
Pythagorean_theorem,3066
Python_%28programming_language%29,3067
Qatar,3068
Qin_Dynasty,3069
Qin_Shi_Huang,3070
Qing_Dynasty,3071
Quantity,3072
Quantum_chemistry,3073
Quantum_computer,3074
Quantum_mechanics,3075
Quark,3076
Quartz,3077
Quatermass_and_the_Pit,3078
Queen_%28band%29,3079
Quetzalcoatl,3080
Quito,3081
Qur%27an,3082
R%C3%A9union,3083
Rabat,3084
Rabbit,3085
Rabies,3086
Rabindranath_Tagore,3087
Race,3088
Radar,3089
Radio,3090
Radio_frequency,3091
Radio_telescope,3092
Radish,3093
Radium,3094
Radon,3095
Ragtime,3096
Rail_transport,3097
Rail_transport_in_India,3098
Railway_post_office,3099
Rain,3100
Rainbow,3101
Rainforest,3102
Rainhill_Trials,3103
Raising_the_Flag_on_Iwo_Jima,3104
Ralph_Nader,3105
Rama,3106
Ramayana,3107
Ramesses_II,3108
Ramsgate,3109
Ran_%28film%29,3110
Raney_nickel,3111
Raphael,3112
Rapping,3113
Raven,3114
Ray_of_Light,3115
Real_tennis,3116
Recorder,3117
Recycling,3118
Red_dwarf,3119
Red_giant,3120
Red_Kite,3121
Red_Panda,3122
Red_rain_in_Kerala,3123
Red_Sea,3124
Redshift,3125
Redwing,3126
Redwood_National_and_State_Parks,3127
Reed_Warbler,3128
Refining,3129
Refrigerator_car,3130
Regent%27s_Park,3131
Reggae,3132
Reggaeton,3133
Religion,3134
Religious_Society_of_Friends,3135
Rembrandt,3136
Ren%C3%A9_Descartes,3137
Renaissance,3138
Renaissance_music,3139
Renminbi,3140
Renormalization,3141
Reptile,3142
Republic_of_China,3143
Republic_of_Ireland,3144
Republic_of_Macedonia,3145
Republic_of_the_Congo,3146
RER,3147
Restoration_comedy,3148
Retina,3149
Retinol,3150
Retreat_of_glaciers_since_1850,3151
Revolution,3152
Reza_Shah,3153
Rhenium,3154
Rhine,3155
Rhode_Island,3156
Rhodium,3157
Rhodium%28III%29_chloride,3158
Rhubarb,3159
Rhythm_and_blues,3160
Rice,3161
Richard_Feynman,3162
Richard_Francis_Burton,3163
Richard_I_of_England,3164
Richard_II_of_England,3165
Richard_III_%28play%29,3166
Richard_III_of_England,3167
Richard_Nixon,3168
Richard_Stallman,3169
Richard_Wagner,3170
Richmond%2C_Virginia,3171
Riesling,3172
Right_whale,3173
Ringed_Plover,3174
Rio_de_Janeiro,3175
Rio_Tinto_Group,3176
River,3177
River_Severn,3178
River_Thames,3179
Riyadh,3180
RMS_Titanic,3181
Roald_Amundsen,3182
Roan_Antelope,3183
Robert_Baden-Powell%2C_1st_Baron_Baden-Powell,3184
Robert_Boyle,3185
Robert_Gascoyne-Cecil%2C_3rd_Marquess_of_Salisbury,3186
Robert_Oppenheimer,3187
Robert_Owen,3188
Robert_Peel,3189
Robert_Schumann,3190
Robert_Stephenson,3191
Robinson_Crusoe,3192
Roche_limit,3193
Rock_Bunting,3194
Rock_of_Gibraltar,3195
Rock_Pigeon,3196
Rockall,3197
Rocky_Mountains,3198
Rococo,3199
Roentgenium,3200
Roman_Britain,3201
Roman_Catholic_Church,3202
Roman_Empire,3203
Roman_Greece,3204
Roman_law,3205
Roman_mythology,3206
Roman_road,3207
Roman_villa,3208
Romania,3209
Romanticism,3210
Rome,3211
Romeo_and_Juliet,3212
Romulus_Augustus,3213
Ronald_Reagan,3214
Rook_%28bird%29,3215
Rosa_Parks,3216
Rose-ringed_Parakeet,3217
Rosemary,3218
Rosetta_Stone,3219
ROT13,3220
Rotterdam,3221
Rowan_Williams,3222
Royal_Air_Force,3223
Royal_Dutch_Shell,3224
Royal_Geographical_Society,3225
Royal_Marines,3226
Royal_National_Theatre,3227
Royal_Navy,3228
Royal_Parks_of_London,3229
RSS_%28file_format%29,3230
Rubidium,3231
Rubik%27s_Cube,3232
Rudyard_Kipling,3233
Rugby_football,3234
Rugby_World_Cup,3235
Rule_of_St_Benedict,3236
Rupee,3237
Russia,3238
Russian_constitutional_crisis_of_1993,3239
Russian_language,3240
Russian_Revolution_of_1917,3241
Ruthenium,3242
Rutherford_B._Hayes,3243
Rutherfordium,3244
Rwanda,3245
Rwandan_Genocide,3246
S%C3%A3o_Paulo,3247
S%C3%A3o_Tom%C3%A9,3248
S%C3%A3o_Tom%C3%A9_and_Pr%C3%ADncipe,3249
S%C3%B8ren_Kierkegaard,3250
Safflower,3251
Saffron,3252
Sahara,3253
Saint-Pierre_and_Miquelon,3254
Saint_Helena,3255
Saint_Joan_%28play%29,3256
Saint_Kitts_and_Nevis,3257
Saint_Lawrence_Seaway,3258
Saint_Lucia,3259
Saint_Petersburg,3260
Saint_Vincent_and_the_Grenadines,3261
Sakurajima,3262
Saladin,3263
Salford,3264
Salsa_music,3265
Salt,3266
Salt_Lake_City%2C_Utah,3267
Saltasaurus,3268
Salvador_Dal%C3%AD,3269
Samarium,3270
Samoa,3271
Samuel_Beckett,3272
Samuel_Taylor_Coleridge,3273
San_Diegan,3274
San_Diego_Electric_Railway,3275
San_Francisco%2C_California,3276
San_Jose%2C_California,3277
San_Marino,3278
Sand,3279
Sand_art_and_play,3280
Sand_shark,3281
Sandringham_House,3282
Sandur,3283
Sandy_Koufax,3284
Sanskrit,3285
Sanssouci,3286
Santa_Claus,3287
Santamar%C3%ADa_%28volcano%29,3288
Santiago%2C_Chile,3289
Santorini,3290
Sarajevo,3291
Sardar_Vallabhbhai_Patel,3292
Sassanid_Empire,3293
Saturn,3294
Saturn_V,3295
Saudi_Arabia,3296
Saurischia,3297
Sauropodomorpha,3298
Sauroposeidon,3299
Saxophone,3300
Scandium,3301
Scattered_disc,3302
Scelidosaurus,3303
Scent_of_a_Woman,3304
Scheme_programming_language,3305
Schizophrenia,3306
Schr%C3%B6dinger_equation,3307
Science,3308
Scientific_classification,3309
Scooby-Doo,3310
Scotland,3311
Scotland_in_the_High_Middle_Ages,3312
Scots_language,3313
Scottish_Episcopal_Church,3314
Scottish_Gaelic_language,3315
Scottish_Highlands,3316
Scottish_mythology,3317
Scouting,3318
Scramble_for_Africa,3319
Screw,3320
Scrooge_McDuck,3321
Sculpture,3322
Scurvy,3323
SD26,3324
Sea,3325
Sea_level_rise,3326
Sea_of_Galilee,3327
Seaborgium,3328
Sean_Connery,3329
Season,3330
Seattle%2C_Washington,3331
Seawater,3332
Second_Boer_War,3333
Second_Congo_War,3334
Second_Crusade,3335
Seed,3336
Seinfeld,3337
Selena,3338
Selenium,3339
Semiconductor,3340
Semiconductor_device,3341
Senate_of_Canada,3342
Senegal,3343
Senufo_languages,3344
Seoul,3345
Separation_of_powers_under_the_United_States_Constitution,3346
September_11%2C_2001_attacks,3347
Sequence_alignment,3348
Sequoia,3349
Serbia,3350
Serbia_and_Montenegro,3351
Serenity_%28film%29,3352
Sermon_on_the_Mount,3353
Sesame,3354
Sesame_Street,3355
Set,3356
Severn_crossing,3357
Seychelles,3358
Sgt._Pepper%27s_Lonely_Hearts_Club_Band,3359
Shackleton_%28crater%29,3360
Shaka,3361
Shanghai,3362
Shark,3363
Sharon_Tate,3364
Sheffield,3365
Sheikh_Mujibur_Rahman,3366
Shelduck,3367
Shenzhou_6,3368
Shenzhou_spacecraft,3369
Shetland,3370
Shielded_metal_arc_welding,3371
Shigin,3372
Shining_Path,3373
Shinto,3374
Ship,3375
Shoe_polish,3376
Short-beaked_Echidna,3377
Shoshone_National_Forest,3378
Shrine_of_Remembrance,3379
Shroud_of_Turin,3380
Sichuan_Pepper,3381
Sickle-cell_disease,3382
Siege,3383
Siege_of_Antioch,3384
Sierra_Leone,3385
Sigmund_Freud,3386
Sikhism,3387
Sikkim,3388
Silent_film,3389
Silicon,3390
Silurian,3391
Silver,3392
Sim%C3%B3n_Bol%C3%ADvar,3393
SimCity,3394
Sinclair_Research_Ltd,3395
Singapore,3396
Sino-Roman_relations,3397
Sirius,3398
Sistine_Chapel_ceiling,3399
Sitting_Bull,3400
Six-party_talks_concerning_North_Korea%27s_nuclear_program,3401
Sk%C3%A5neland,3402
Ska,3403
Skiing,3404
Skylark,3405
Slavery,3406
Slavic_mythology,3407
Sleep,3408
Slovakia,3409
Slovenia,3410
Smallpox,3411
Smog,3412
Snow,3413
Snow_Goose,3414
Snowball_Earth,3415
Snowdonia,3416
Snowdonia_National_Park,3417
Snowy_Owl,3418
Social_anxiety,3419
Social_capital,3420
Social_contract_%28Malaysia%29,3421
Socialism,3422
Society,3423
Society_of_Merchant_Venturers,3424
Sociocultural_evolution,3425
Sociology,3426
Socrates,3427
Soddo_language,3428
Sodium,3429
Sodium_hydroxide,3430
Sodium_sulfate,3431
Soil,3432
Soil_moisture,3433
Soil_pH,3434
Soil_profile,3435
Soil_salination,3436
Soil_science,3437
Soil_structure,3438
Soils_retrogression_and_degradation,3439
Solar_eclipse,3440
Solar_System,3441
Solomon_Islands,3442
Somalia,3443
Song_Thrush,3444
Sonic_the_Hedgehog_%28character%29,3445
Sony,3446
Sorghum,3447
Sorrel,3448
Soukous,3449
Sound,3450
Soup,3451
South_Africa,3452
South_America,3453
South_China_Sea,3454
South_Georgia_and_the_South_Sandwich_Islands,3455
South_Korea,3456
South_Ossetia,3457
Southampton,3458
Southern_Africa,3459
Southern_Ocean,3460
Southern_United_States,3461
Soviet_Union,3462
Soybean,3463
Space_exploration,3464
Space_Invaders,3465
Space_Race,3466
Space_Shuttle_Challenger,3467
Space_Shuttle_Challenger_disaster,3468
Space_Shuttle_Columbia,3469
Space_Shuttle_Columbia_disaster,3470
Space_Shuttle_Endeavour,3471
Space_Shuttle_program,3472
Space_station,3473
Space_suit,3474
Spacecraft_propulsion,3475
Spain,3476
Spanish_Armada,3477
Spanish_conquest_of_the_Inca_Empire,3478
Spanish_Inquisition,3479
Spanish_language,3480
Sparrow,3481
Sparrowhawk,3482
Speaker_of_the_British_House_of_Commons,3483
Speaker_of_the_United_States_House_of_Representatives,3484
Special_relativity,3485
Speech_synthesis,3486
Speed_of_light,3487
Sperm_Whale,3488
Sphere,3489
Spherical_aberration,3490
Spider,3491
Spinosaurus,3492
Split_infinitive,3493
Sport,3494
Spring_%28season%29,3495
Spring_Heeled_Jack,3496
Sputnik_1,3497
Sputnik_2,3498
Sputnik_program,3499
Spyware,3500
Squash_%28sport%29,3501
SR-71_Blackbird,3502
Sri_Lanka,3503
Sri_Lankan_Civil_War,3504
St_Paul%27s_Cathedral,3505
Stag_beetle,3506
Stage_%28theatre%29,3507
Stained_glass,3508
Stanis%C5%82aw_Koniecpolski,3509
Stanley%2C_Falkland_Islands,3510
Stanley_Baldwin,3511
Star,3512
Star_anise,3513
Star_Trek,3514
Star_Trek__Deep_Space_Nine,3515
Star_Trek__The_Original_Series,3516
Star_Wars,3517
Star_Wars_Episode_IV__A_New_Hope,3518
StarCraft,3519
Stargate_SG-1,3520
Starling,3521
Starship_Troopers,3522
Statistics,3523
Statue_of_Zeus_at_Olympia,3524
Steam_engine,3525
Steel,3526
Stefan_Edberg,3527
Stegosaurus,3528
Stem_cell,3529
Stephen_Harper,3530
Stephen_Hawking,3531
Stephen_Jay_Gould,3532
Stephen_of_England,3533
Steve_Davis,3534
Stickleback,3535
Still_Game,3536
Stingray,3537
Stock,3538
Stock_car_%28rail%29,3539
Stockholm,3540
Stoicism,3541
Stone_Age,3542
Stonehenge,3543
Stornoway,3544
Strait_of_Malacca,3545
Stratford-upon-Avon,3546
String_theory,3547
Stroke,3548
Strontium,3549
Stuttering,3550
Stuttgart,3551
Styracosaurus,3552
Sub-Saharan_Africa,3553
Suburbs_of_Johannesburg,3554
Sucre,3555
Sudan,3556
Sudoku,3557
Suez_Canal,3558
Suffrage,3559
Sugar,3560
Sugar_beet,3561
Sugarcane,3562
Suleiman_the_Magnificent,3563
Sulfur,3564
Sulfuric_acid,3565
Sultan,3566
Sumac,3567
Sumatra,3568
Sumer,3569
Summer,3570
Summer_Hill%2C_New_South_Wales,3571
Sumo,3572
Sun,3573
Sun_Tzu,3574
Sun_Yat-sen,3575
Sundew,3576
Sunflower,3577
Sunlight,3578
Sunol_Water_Temple,3579
Sunset_Boulevard_%281950_film%29,3580
Super_14,3581
Super_Bowl_XL,3582
Super_Chief,3583
Super_Mario_64,3584
Super_Mario_Bros.,3585
Superconductivity,3586
Superman,3587
Supermarine_Spitfire,3588
Supply_and_demand,3589
Supply_chain_management,3590
Supreme_Court_of_the_United_States,3591
Suriname,3592
Surtsey,3593
Sutton_Hoo,3594
Svalbard,3595
Svart%C3%A1lfar,3596
Swallow,3597
Swan,3598
Swastika,3599
Swaziland,3600
Sweden,3601
Swift,3602
Swiss_Federal_Council,3603
Switzerland,3604
Sydney,3605
Sydney_Newman,3606
Sylvanus_Morley,3607
Symmetry,3608
Synthesizer,3609
Syria,3610
T-34,3611
T._S._Eliot,3612
Tacitean_studies,3613
Taipei,3614
Taiwan,3615
Taj_Mahal,3616
Tajikistan,3617
Talc,3618
Tamarind,3619
Tamil_language,3620
Tamil_people,3621
Tank,3622
Tansy,3623
Tantalum,3624
Tanzania,3625
Tao_Te_Ching,3626
Taoism,3627
Tarragon,3628
Tashkent,3629
Tasmanian_Devil,3630
Tawny_Owl,3631
Tay-Sachs_disease,3632
Tay_Rail_Bridge,3633
Tea,3634
Technetium,3635
Technology,3636
Tehran,3637
Tel_Aviv,3638
Telecommunication,3639
Telephone,3640
Telephone_exchange,3641
Telescope,3642
Television,3643
Tellurium,3644
Temperate,3645
Temple_of_Artemis,3646
Tennis,3647
Tennis_Masters_Cup,3648
Tenzin_Gyatso%2C_14th_Dalai_Lama,3649
Tenzing_Norgay,3650
Terbium,3651
Terik,3652
Tern,3653
Terrorism,3654
TeX,3655
Textile,3656
TGV,3657
Thailand,3658
Thalassemia,3659
Thallium,3660
The_Absent-Minded_Beggar,3661
The_Adventures_of_Tintin,3662
The_Anarchy,3663
The_Ashes,3664
The_Bahamas,3665
The_Beano,3666
The_Beatles,3667
The_Beatles_discography,3668
The_Blitz,3669
The_Broads,3670
The_Brothers_Karamazov,3671
The_Canadian,3672
The_Cantos,3673
The_Cat_in_the_Hat,3674
The_Championships%2C_Wimbledon,3675
The_Count_of_Monte_Cristo,3676
The_Country_Wife,3677
The_Curious_Incident_of_the_Dog_in_the_Night-time,3678
The_Dandy,3679
The_Fairy-Queen,3680
The_Fens,3681
The_Gambia,3682
The_Godfather,3683
The_Great_Exhibition,3684
The_Hague,3685
The_Hitchhiker%27s_Guide_to_the_Galaxy,3686
The_Hobbit,3687
The_Holocaust,3688
The_Illuminatus%21_Trilogy,3689
The_Iron_Bridge,3690
The_Last_Supper_%28Leonardo%29,3691
The_Legend_of_Zelda_series,3692
The_Lion%2C_the_Witch_and_the_Wardrobe,3693
The_Lion_King,3694
The_Lorax,3695
The_Lord_of_the_Rings,3696
The_Lord_of_the_Rings_film_trilogy,3697
The_Magic_Flute,3698
The_Marriage_of_Figaro,3699
The_Merchant_of_Venice,3700
The_Mismeasure_of_Man,3701
The_Old_Man_and_the_Sea,3702
The_Origin_of_Species,3703
The_Picture_of_Dorian_Gray,3704
The_Pilgrim%27s_Progress,3705
The_Quatermass_Experiment,3706
The_Relapse,3707
The_Rime_of_the_Ancient_Mariner,3708
The_Rite_of_Spring,3709
The_Rolling_Stones,3710
The_Seagull,3711
The_Shawshank_Redemption,3712
The_Simpsons,3713
The_Smiths,3714
The_Supremes,3715
The_Temptations,3716
The_Wall_Street_Journal,3717
The_Waste_Land,3718
The_West_Wing_%28TV_series%29,3719
The_X-Files,3720
Theatre,3721
Theatre_in_the_round,3722
Theatre_Royal%2C_Drury_Lane,3723
Theodore_Roosevelt,3724
Therizinosaurus,3725
Thermodynamic_temperature,3726
Thermodynamics,3727
Theropoda,3728
Thiamine,3729
Third_Servile_War,3730
Thomas_Aquinas,3731
Thomas_Becket,3732
Thomas_Cranmer,3733
Thomas_Edison,3734
Thomas_Gainsborough,3735
Thomas_Hobbes,3736
Thomas_Jefferson,3737
Thomas_Malthus,3738
Thomas_More,3739
Thomas_Pynchon,3740
Thomas_Samuel_Kuhn,3741
Thor,3742
Thorax,3743
Thorium,3744
Thrasybulus,3745
Three_Gorges_Dam,3746
Three_Laws_of_Robotics,3747
Thrush_%28bird%29,3748
Thucydides,3749
Thulium,3750
Thunderstorm,3751
Tiananmen_Square_protests_of_1989,3752
Tibet,3753
Tide,3754
Tiger,3755
Tiger_shark,3756
Tiger_Woods,3757
Tigris,3758
Tijuana,3759
Tiktaalik,3760
Tim_Berners-Lee,3761
Tim_Henman,3762
Timbuktu,3763
Time,3764
Time_zone,3765
Timeline_of_discovery_of_solar_system_planets_and_their_natural_satellites,3766
Timken_1111,3767
Timur,3768
Tin,3769
Tin%28II%29_chloride,3770
Tin_whistle,3771
Titanium,3772
To_Kill_a_Mockingbird,3773
Tobacco,3774
Tobacco_smoking,3775
Tofu,3776
Togo,3777
Tokelau,3778
Tokyo,3779
Toluene,3780
Tom_and_Jerry_%28MGM%29,3781
Tonga,3782
Tony_Blair,3783
Tooth_development,3784
Tooth_enamel,3785
Top_of_the_Pops,3786
Topology,3787
Tornado,3788
Toronto,3789
Tottenham_Hotspur_F.C.,3790
Tour_de_France,3791
Tourette_syndrome,3792
Tourism,3793
Tower_Bridge,3794
Tower_of_London,3795
Toy,3796
Toy_Story,3797
Trade_union,3798
Trafalgar_Square,3799
Train,3800
Trans-Siberian_Railway,3801
Transit_of_Venus,3802
Transport,3803
Trapdoor_spider,3804
Treasure_Island,3805
Treaty_of_Versailles,3806
Tree,3807
Tree_frog,3808
Tree_Sparrow,3809
Trench_warfare,3810
Triassic,3811
Triathlon,3812
Tribe,3813
Triceratops,3814
Trichinosis,3815
Trigonometric_function,3816
Trigonometry,3817
Trimurti,3818
Trinidad_and_Tobago,3819
Trinity,3820
Trinity_College%2C_Cambridge,3821
Trinity_test,3822
Tripitaka,3823
Tripoli,3824
Triumph_of_the_Will,3825
Trojan_War,3826
Troodon,3827
Troop_sleeper,3828
Tropical_cyclone,3829
Tropical_Storm_Allison,3830
Tropical_Storm_Ana_%282003%29,3831
Tropical_Storm_Bonnie_%282004%29,3832
Tropical_Storm_Delta_%282005%29,3833
Tropical_Storm_Franklin_%282005%29,3834
Tropical_Storm_Harvey_%282005%29,3835
Tropical_Storm_Henri_%282003%29,3836
Tropical_Storm_Larry_%282003%29,3837
Tropical_Storm_Lee_%282005%29,3838
Tropical_Storm_Leslie_%282000%29,3839
Tropical_Storm_Matthew_%282004%29,3840
Tropical_Storm_Odette_%282003%29,3841
Tropical_Storm_Zeta_%282005%29,3842
Tropics,3843
Trout,3844
Trumpet,3845
Tsar_Bomba,3846
Tsunami,3847
Tuatara,3848
Tuberculosis,3849
Tufted_Duck,3850
Tuna,3851
Tungsten,3852
Tunis,3853
Tunisia,3854
Tupac_Shakur,3855
Turin,3856
Turkey,3857
Turkey_%28bird%29,3858
Turkish_literature,3859
Turkish_Republic_of_Northern_Cyprus,3860
Turkmenistan,3861
Turks_and_Caicos_Islands,3862
Turmeric,3863
Turquoise,3864
Turtle,3865
Tutsi,3866
Tuvalu,3867
Tycho_Brahe,3868
Typewriter,3869
Typhoon_Ewiniar_%282006%29,3870
Typhoon_Saomai_%282006%29,3871
Tyrannosaurus,3872
U.S._Navy_Marine_Mammal_Program,3873
U.S._Open_%28tennis%29,3874
U.S._Route_66,3875
U.S._state,3876
U2,3877
Ubuntu_%28Linux_distribution%29,3878
Uganda,3879
Ukraine,3880
Ukulele,3881
Ulawun,3882
Ultimatum_game,3883
Ultraviolet,3884
Uluru,3885
Ulysses_S._Grant,3886
Union_Flag,3887
Union_Station_%28San_Diego%29,3888
United_Arab_Emirates,3889
United_Kingdom,3890
United_Kingdom_national_football_team,3891
United_Malays_National_Organisation,3892
United_Nations,3893
United_States,3894
United_States_Bill_of_Rights,3895
United_States_Congress,3896
United_States_Constitution,3897
United_States_Declaration_of_Independence,3898
United_States_dollar,3899
United_States_House_of_Representatives,3900
United_States_Numbered_Highways,3901
United_States_Senate,3902
United_States_Virgin_Islands,3903
Universe,3904
University,3905
University_of_Bristol,3906
University_of_Cambridge,3907
University_of_Chicago,3908
University_of_Texas_at_Austin,3909
Unix,3910
Ununbium,3911
Ununhexium,3912
Ununoctium,3913
Ununpentium,3914
Ununquadium,3915
Ununtrium,3916
Upsilon_Andromedae,3917
Upsilon_Andromedae_b,3918
Upsilon_Andromedae_c,3919
Upsilon_Andromedae_d,3920
Uranium,3921
Uranus,3922
Urial,3923
Uruguay,3924
Utilitarianism,3925
Utrecht_%28city%29,3926
Uzbekistan,3927
Valpara%C3%ADso,3928
Vampire,3929
Vampire_bat,3930
Van_Halen,3931
Vanadium,3932
Vancouver,3933
Vanilla,3934
Vanuatu,3935
Varanasi,3936
Vasco_da_Gama,3937
Vatican_City,3938
Vegetable,3939
Vegetation,3940
Velociraptor,3941
Venezuela,3942
Venn_diagram,3943
Venus,3944
Venus_and_Adonis_%28opera%29,3945
Vertebrate,3946
Vestigial_structure,3947
Vicia_faba,3948
Victor_Hugo,3949
Victoria%2C_Seychelles,3950
Victoria_Cross,3951
Victoria_of_the_United_Kingdom,3952
Video,3953
Vienna,3954
Vietnam,3955
Vietnam_War,3956
Viking,3957
Vinaya,3958
Vincent_van_Gogh,3959
Virgil,3960
Virginian_Railway,3961
Virtuti_Militari,3962
Virus,3963
Visual_arts,3964
Vitamin,3965
Vitamin_C,3966
Vitamin_D,3967
Vitus_Bering,3968
Vivien_Leigh,3969
Vladimir_Lenin,3970
Vodafone,3971
Volcanic_pipe,3972
Volcano,3973
Vole,3974
Volga_River,3975
Volleyball,3976
Volt,3977
Voltaire,3978
Voting,3979
Vowel,3980
Voynich_manuscript,3981
Vulgar_Latin,3982
Vulture,3983
W._Mark_Felt,3984
Wader,3985
Waheguru,3986
Wake_Island,3987
Wales,3988
Wall_Street,3989
Wallaby,3990
Wallis_and_Futuna,3991
Walrus,3992
Walt_Disney,3993
Walt_Whitman,3994
Walter_Raleigh,3995
Walter_Scott,3996
War,3997
War_and_Peace,3998
War_in_Somalia_%282006%E2%80%93present%29,3999
War_of_the_League_of_Cambrai,4000
War_of_the_Spanish_Succession,4001
Ward_Cunningham,4002
Warren_G._Harding,4003
Wars_of_the_Roses,4004
Warsaw,4005
Wasabi,4006
Washington%2C_D.C.,4007
Washington_Metro,4008
Wasp,4009
Waste_management,4010
Watch,4011
Watchmen,4012
Water,4013
Water_Buffalo,4014
Water_polo,4015
Water_purification,4016
Water_resources,4017
Watercolor_painting,4018
Watling_Street,4019
Wave,4020
Wave%E2%80%93particle_duality,4021
Wayne_Rooney,4022
Weapon,4023
Weasel,4024
Weather,4025
Weather_forecasting,4026
Weed,4027
Weight_training,4028
Weimar_Republic,4029
Welding,4030
Wellington,4031
Welsh_law,4032
Wernher_von_Braun,4033
Wessex,4034
West_Bank,4035
West_Flemish,4036
West_Virginia,4037
Western_Front_%28World_War_I%29,4038
Western_Roman_Empire,4039
Western_Sahara,4040
Westminster_Abbey,4041
Westminster_System,4042
Weston-super-Mare,4043
Weymouth,4044
Whale,4045
Whale_shark,4046
Whale_song,4047
Wheat,4048
Where_Did_Our_Love_Go,4049
Whipworm,4050
White%27s_Tree_Frog,4051
White-tailed_Eagle,4052
White_cliffs_of_Dover,4053
White_Mountain_art,4054
Whooping_Crane,4055
Wikimedia_Foundation,4056
Wikinews,4057
Wikipedia,4058
Wikipedia_Text_of_the_GNU_Free_Documentation_License,4059
Wikisource,4060
Wikispecies,4061
Wild_cat,4062
Wildebeest,4063
Willem_Barents,4064
William_and_Mary,4065
William_Butler_Yeats,4066
William_Edington,4067
William_Ewart_Gladstone,4068
William_Gilbert,4069
William_Gladstone,4070
William_Harvey,4071
William_Henry_Harrison,4072
William_Hogarth,4073
William_Howard_Taft,4074
William_I_of_England,4075
William_II_of_England,4076
William_III_of_England,4077
William_IV_of_the_United_Kingdom,4078
William_Mahone,4079
William_McKinley,4080
William_N._Page,4081
William_Pitt_the_Younger,4082
William_Renshaw,4083
William_Shakespeare,4084
William_Tecumseh_Sherman,4085
William_the_Silent,4086
William_Thomson%2C_1st_Baron_Kelvin,4087
William_Wilberforce,4088
Wind,4089
Windows_2000,4090
Windows_Vista,4091
Windows_XP,4092
Windsor_Castle,4093
Wine,4094
Winfield_Scott_Hancock,4095
Winston_Churchill,4096
Winter,4097
Witold_Pilecki,4098
Wolfgang_Amadeus_Mozart,4099
Wolverine,4100
Wombat,4101
Women%27s_rights,4102
Wood,4103
Wood_fuel,4104
Wood_Pigeon,4105
Woodpecker,4106
Woodrow_Wilson,4107
Woodworking,4108
Work_%28thermodynamics%29,4109
WorkChoices,4110
Working_poor,4111
World_Bank_Group,4112
World_Health_Organization,4113
World_Heritage_Site,4114
World_Trade_Organization,4115
World_War_I,4116
World_War_II,4117
World_Wide_Web,4118
Worm,4119
Wren,4120
Wrench,4121
Wrestling,4122
Wright_brothers,4123
Writing,4124
WTA_Tour_Championships,4125
X_Window_System,4126
Xanadu_House,4127
Xenon,4128
Yagan,4129
Yak,4130
Yamoussoukro,4131
Yangtze_River,4132
Yarralumla%2C_Australian_Capital_Territory,4133
Yeast,4134
Yellow_fever,4135
Yellow_River,4136
Yellowstone_National_Park,4137
Yemen,4138
Yenisei_River,4139
Yes_Minister,4140
Yeti,4141
Yom_Kippur_War,4142
York,4143
Yorkshire_Dales,4144
Yotsuya_Kaidan,4145
Ytterbium,4146
Yttrium,4147
Yugoslavia,4148
Yuri_Gagarin,4149
Z%C3%BCrich,4150
Zachary_Taylor,4151
Zambezi,4152
Zambia,4153
Zebra,4154
Zebra_shark,4155
Zeus,4156
Zhang_Qian,4157
Zheng_He,4158
Ziad_Jarrah,4159
Zimbabwe,4160
Zinc,4161
Zinc_chloride,4162
Zion_National_Park,4163
Zionism,4164
Zirconium,4165
Zoroaster,4166
Zuid-Gelders,4167
Zulu,4168
ZX_Spectrum,4169
